[debug] [2026-08-01T19:20:51.982Z] ----------------------------------------------------------------------
[debug] [2026-08-01T19:20:51.986Z] Command:       C:\Program Files\nodejs\node.exe C:\Users\siddh\AppData\Roaming\npm\node_modules\firebase-tools\lib\bin\firebase.js deploy --only functions
[debug] [2026-08-01T19:20:51.987Z] CLI Version:   15.25.1
[debug] [2026-08-01T19:20:51.987Z] Platform:      win32
[debug] [2026-08-01T19:20:51.987Z] Node Version:  v24.12.0
[debug] [2026-08-01T19:20:51.987Z] Detected Agent: unknown
[debug] [2026-08-01T19:20:51.988Z] Time:          Sun Aug 02 2026 00:50:51 GMT+0530 (India Standard Time)
[debug] [2026-08-01T19:20:51.988Z] ----------------------------------------------------------------------
[debug] 
[debug] [2026-08-01T19:20:56.545Z] > command requires scopes: ["email","openid","https://www.googleapis.com/auth/cloudplatformprojects.readonly","https://www.googleapis.com/auth/firebase","https://www.googleapis.com/auth/cloud-platform"]
[debug] [2026-08-01T19:20:56.545Z] > authorizing via signed-in user (siddharthsunil378@gmail.com)
[debug] [2026-08-01T19:20:56.545Z] [iam] checking project poruthurstores-1bb74 for permissions ["cloudfunctions.functions.create","cloudfunctions.functions.delete","cloudfunctions.functions.get","cloudfunctions.functions.list","cloudfunctions.functions.update","cloudfunctions.operations.get","firebase.projects.get"]
[debug] [2026-08-01T19:20:56.565Z] Checked if tokens are valid: false, expires at: 1785604657548
[debug] [2026-08-01T19:20:56.566Z] Checked if tokens are valid: false, expires at: 1785604657548
[debug] [2026-08-01T19:20:56.566Z] > refreshing access token with scopes: []
[debug] [2026-08-01T19:20:56.570Z] >>> [apiv2][query] POST https://www.googleapis.com/oauth2/v3/token [none]
[debug] [2026-08-01T19:20:56.570Z] >>> [apiv2][body] POST https://www.googleapis.com/oauth2/v3/token [omitted]
[debug] [2026-08-01T19:20:57.640Z] <<< [apiv2][status] POST https://www.googleapis.com/oauth2/v3/token 200
[debug] [2026-08-01T19:20:57.641Z] <<< [apiv2][body] POST https://www.googleapis.com/oauth2/v3/token [omitted]
[debug] [2026-08-01T19:20:57.655Z] >>> [apiv2][query] POST https://cloudresourcemanager.googleapis.com/v1/projects/poruthurstores-1bb74:testIamPermissions [none]
[debug] [2026-08-01T19:20:57.655Z] >>> [apiv2][(partial)header] POST https://cloudresourcemanager.googleapis.com/v1/projects/poruthurstores-1bb74:testIamPermissions  x-goog-user-project=poruthurstores-1bb74
[debug] [2026-08-01T19:20:57.655Z] >>> [apiv2][body] POST https://cloudresourcemanager.googleapis.com/v1/projects/poruthurstores-1bb74:testIamPermissions {"permissions":["cloudfunctions.functions.create","cloudfunctions.functions.delete","cloudfunctions.functions.get","cloudfunctions.functions.list","cloudfunctions.functions.update","cloudfunctions.operations.get","firebase.projects.get"]}
[debug] [2026-08-01T19:20:59.314Z] <<< [apiv2][status] POST https://cloudresourcemanager.googleapis.com/v1/projects/poruthurstores-1bb74:testIamPermissions 200
[debug] [2026-08-01T19:20:59.314Z] <<< [apiv2][body] POST https://cloudresourcemanager.googleapis.com/v1/projects/poruthurstores-1bb74:testIamPermissions {"permissions":["cloudfunctions.functions.create","cloudfunctions.functions.delete","cloudfunctions.functions.get","cloudfunctions.functions.list","cloudfunctions.functions.update","cloudfunctions.operations.get","firebase.projects.get"]}
[debug] [2026-08-01T19:20:59.314Z] Checked if tokens are valid: true, expires at: 1785615656641
[debug] [2026-08-01T19:20:59.315Z] Checked if tokens are valid: true, expires at: 1785615656641
[debug] [2026-08-01T19:20:59.315Z] >>> [apiv2][query] POST https://iam.googleapis.com/v1/projects/poruthurstores-1bb74/serviceAccounts/poruthurstores-1bb74@appspot.gserviceaccount.com:testIamPermissions [none]
[debug] [2026-08-01T19:20:59.315Z] >>> [apiv2][body] POST https://iam.googleapis.com/v1/projects/poruthurstores-1bb74/serviceAccounts/poruthurstores-1bb74@appspot.gserviceaccount.com:testIamPermissions {"permissions":["iam.serviceAccounts.actAs"]}
[debug] [2026-08-01T19:21:01.091Z] <<< [apiv2][status] POST https://iam.googleapis.com/v1/projects/poruthurstores-1bb74/serviceAccounts/poruthurstores-1bb74@appspot.gserviceaccount.com:testIamPermissions 200
[debug] [2026-08-01T19:21:01.092Z] <<< [apiv2][body] POST https://iam.googleapis.com/v1/projects/poruthurstores-1bb74/serviceAccounts/poruthurstores-1bb74@appspot.gserviceaccount.com:testIamPermissions {"permissions":["iam.serviceAccounts.actAs"]}
[info] 
[info] === Deploying to 'poruthurstores-1bb74'...
[info] 
[info] i  deploying functions 
[info] Running command: npm --prefix "$RESOURCE_DIR" run build
[info] +  functions: Finished running predeploy script. 
[debug] [2026-08-01T19:21:09.202Z] Checked if tokens are valid: true, expires at: 1785615656641
[debug] [2026-08-01T19:21:09.202Z] Checked if tokens are valid: true, expires at: 1785615656641
[debug] [2026-08-01T19:21:09.203Z] >>> [apiv2][query] GET https://cloudresourcemanager.googleapis.com/v1/projects/poruthurstores-1bb74 [none]
[debug] [2026-08-01T19:21:10.754Z] <<< [apiv2][status] GET https://cloudresourcemanager.googleapis.com/v1/projects/poruthurstores-1bb74 200
[debug] [2026-08-01T19:21:10.754Z] <<< [apiv2][body] GET https://cloudresourcemanager.googleapis.com/v1/projects/poruthurstores-1bb74 {"projectNumber":"784163241119","projectId":"poruthurstores-1bb74","lifecycleState":"ACTIVE","name":"PoruthurStores","labels":{"firebase":"enabled","firebase-core":"disabled"},"createTime":"2026-05-31T17:22:09.473Z"}
[info] i  functions: preparing codebase default for deployment 
[info] i  functions: ensuring required API cloudfunctions.googleapis.com is enabled... 
[info] i  functions: ensuring required API cloudbuild.googleapis.com is enabled... 
[info] i  artifactregistry: ensuring required API artifactregistry.googleapis.com is enabled... 
[debug] [2026-08-01T19:21:10.759Z] Checked if tokens are valid: true, expires at: 1785615656641
[debug] [2026-08-01T19:21:10.759Z] Checked if tokens are valid: true, expires at: 1785615656641
[debug] [2026-08-01T19:21:10.760Z] >>> [apiv2][query] GET https://firebase.googleapis.com/v1beta1/projects/poruthurstores-1bb74/adminSdkConfig [none]
[debug] [2026-08-01T19:21:12.244Z] <<< [apiv2][status] GET https://firebase.googleapis.com/v1beta1/projects/poruthurstores-1bb74/adminSdkConfig 200
[debug] [2026-08-01T19:21:12.244Z] <<< [apiv2][body] GET https://firebase.googleapis.com/v1beta1/projects/poruthurstores-1bb74/adminSdkConfig {"projectId":"poruthurstores-1bb74","storageBucket":"poruthurstores-1bb74.firebasestorage.app"}
[debug] [2026-08-01T19:21:12.247Z] Validating nodejs source
[debug] [2026-08-01T19:21:14.839Z] > [functions] package.json contents: {
  "name": "functions",
  "scripts": {
    "lint": "eslint --ext .js,.ts .",
    "build": "tsc",
    "build:watch": "tsc --watch",
    "serve": "npm run build && firebase emulators:start --only functions",
    "shell": "npm run build && firebase functions:shell",
    "start": "npm run shell",
    "deploy": "firebase deploy --only functions",
    "logs": "firebase functions:log"
  },
  "engines": {
    "node": "22"
  },
  "main": "lib/index.js",
  "dependencies": {
    "firebase-admin": "^13.10.0",
    "firebase-functions": "^7.3.2"
  },
  "devDependencies": {
    "@types/node": "^26.1.2",
    "@typescript-eslint/eslint-plugin": "^5.12.0",
    "@typescript-eslint/parser": "^5.12.0",
    "eslint": "^8.9.0",
    "eslint-config-google": "^0.14.0",
    "eslint-plugin-import": "^2.25.4",
    "firebase-functions-test": "^3.4.1",
    "typescript": "^6.0.0"
  },
  "private": true
}
[debug] [2026-08-01T19:21:14.840Z] Building nodejs source
[info] i  functions: Loading and analyzing source code for codebase default to determine what to deploy 
[debug] [2026-08-01T19:21:14.843Z] Could not find functions.yaml. Must use http discovery
[debug] [2026-08-01T19:21:14.862Z] Found firebase-functions binary at 'C:\Users\siddh\grocery-app\functions\node_modules\.bin\firebase-functions'
[info] Serving at port 8664

[debug] [2026-08-01T19:21:16.502Z] Got response from /__/functions.yaml {"endpoints":{"createOrder":{"availableMemoryMb":null,"timeoutSeconds":null,"minInstances":null,"maxInstances":null,"ingressSettings":null,"concurrency":null,"serviceAccountEmail":null,"vpc":null,"platform":"gcfv2","labels":{},"callableTrigger":{},"entryPoint":"createOrder"},"cancelOrder":{"availableMemoryMb":null,"timeoutSeconds":null,"minInstances":null,"maxInstances":null,"ingressSettings":null,"concurrency":null,"serviceAccountEmail":null,"vpc":null,"platform":"gcfv2","labels":{},"callableTrigger":{},"entryPoint":"cancelOrder"}},"specVersion":"v1alpha1","requiredAPIs":[],"extensions":{}}
[debug] [2026-08-01T19:21:19.561Z] Checked if tokens are valid: true, expires at: 1785615656641
[debug] [2026-08-01T19:21:19.561Z] Checked if tokens are valid: true, expires at: 1785615656641
[debug] [2026-08-01T19:21:19.561Z] >>> [apiv2][query] GET https://cloudfunctions.googleapis.com/v1/projects/poruthurstores-1bb74/locations/-/functions [none]
[debug] [2026-08-01T19:21:20.779Z] <<< [apiv2][status] GET https://cloudfunctions.googleapis.com/v1/projects/poruthurstores-1bb74/locations/-/functions 200
[debug] [2026-08-01T19:21:20.779Z] <<< [apiv2][body] GET https://cloudfunctions.googleapis.com/v1/projects/poruthurstores-1bb74/locations/-/functions {}
[debug] [2026-08-01T19:21:20.779Z] Checked if tokens are valid: true, expires at: 1785615656641
[debug] [2026-08-01T19:21:20.780Z] Checked if tokens are valid: true, expires at: 1785615656641
[debug] [2026-08-01T19:21:20.780Z] >>> [apiv2][query] GET https://cloudfunctions.googleapis.com/v2/projects/poruthurstores-1bb74/locations/-/functions filter=environment%3D%22GEN_2%22
[debug] [2026-08-01T19:21:22.568Z] <<< [apiv2][status] GET https://cloudfunctions.googleapis.com/v2/projects/poruthurstores-1bb74/locations/-/functions 200
[debug] [2026-08-01T19:21:22.568Z] <<< [apiv2][body] GET https://cloudfunctions.googleapis.com/v2/projects/poruthurstores-1bb74/locations/-/functions {"functions":[{"name":"projects/poruthurstores-1bb74/locations/asia-south1/functions/restoreStockAfterCancellation","buildConfig":{"build":"projects/784163241119/locations/asia-south1/builds/5d53bc80-00d3-48e1-992d-32a331c7f76f","runtime":"nodejs22","entryPoint":"restoreStockAfterCancellation","source":{"storageSource":{"bucket":"gcf-v2-sources-784163241119-asia-south1","object":"restoreStockAfterCancellation/function-source.zip","generation":"1785601838641453"}},"environmentVariables":{"GOOGLE_NODE_RUN_SCRIPTS":""},"dockerRepository":"projects/poruthurstores-1bb74/locations/asia-south1/repositories/gcf-artifacts","sourceProvenance":{"resolvedStorageSource":{"bucket":"gcf-v2-sources-784163241119-asia-south1","object":"restoreStockAfterCancellation/function-source.zip","generation":"1785601838641453"}},"dockerRegistry":"ARTIFACT_REGISTRY","serviceAccount":"projects/poruthurstores-1bb74/serviceAccounts/784163241119-compute@developer.gserviceaccount.com","automaticUpdatePolicy":{}},"serviceConfig":{"service":"projects/poruthurstores-1bb74/locations/asia-south1/services/restorestockaftercancellation","timeoutSeconds":60,"environmentVariables":{"FIREBASE_CONFIG":"{\"projectId\":\"poruthurstores-1bb74\",\"storageBucket\":\"poruthurstores-1bb74.firebasestorage.app\"}","GCLOUD_PROJECT":"poruthurstores-1bb74","EVENTARC_CLOUD_EVENT_SOURCE":"projects/poruthurstores-1bb74/locations/asia-south1/services/restoreStockAfterCancellation","FUNCTION_REGION":"asia-south1","FUNCTION_SIGNATURE_TYPE":"cloudevent","FUNCTION_TARGET":"restoreStockAfterCancellation","LOG_EXECUTION_ID":"true"},"maxInstanceCount":20,"ingressSettings":"ALLOW_ALL","uri":"https://restorestockaftercancellation-tkz26jgr4q-el.a.run.app","serviceAccountEmail":"784163241119-compute@developer.gserviceaccount.com","availableMemory":"256Mi","allTrafficOnLatestRevision":true,"revision":"restorestockaftercancellation-00009-xay","maxInstanceRequestConcurrency":80,"availableCpu":"1"},"eventTrigger":{"trigger":"projects/poruthurstores-1bb74/locations/asia-south1/triggers/restorestockaftercancellation-931131","triggerRegion":"asia-south1","eventType":"google.cloud.firestore.document.v1.updated","eventFilters":[{"attribute":"database","value":"(default)"},{"attribute":"namespace","value":"(default)"},{"attribute":"document","value":"orders/{orderId}","operator":"match-path-pattern"}],"pubsubTopic":"projects/poruthurstores-1bb74/topics/eventarc-asia-south1-restorestockaftercancellation-931131-975","serviceAccountEmail":"784163241119-compute@developer.gserviceaccount.com","retryPolicy":"RETRY_POLICY_DO_NOT_RETRY"},"state":"ACTIVE","updateTime":"2026-08-01T16:31:47.315412686Z","labels":{"deployment-tool":"cli-firebase","firebase-functions-hash":"510d559149ef4906de23fcedd1c30bb6360ce15c"},"environment":"GEN_2","url":"https://asia-south1-poruthurstores-1bb74.cloudfunctions.net/restoreStockAfterCancellation","satisfiesPzs":true,"createTime":"2026-07-30T12:40:22.268728083Z","satisfiesPzi":true},{"name":"projects/poruthurstores-1bb74/locations/asia-south1/functions/processNewOrder","buildConfig":{"build":"projects/784163241119/locations/asia-south1/builds/5d53bc80-00d3-48e1-992d-32a331c7f76f","runtime":"nodejs22","entryPoint":"processNewOrder","source":{"storageSource":{"bucket":"gcf-v2-sources-784163241119-asia-south1","object":"processNewOrder/function-source.zip","generation":"1785601904163066"}},"environmentVariables":{"GOOGLE_NODE_RUN_SCRIPTS":""},"dockerRepository":"projects/poruthurstores-1bb74/locations/asia-south1/repositories/gcf-artifacts","sourceProvenance":{"resolvedStorageSource":{"bucket":"gcf-v2-sources-784163241119-asia-south1","object":"processNewOrder/function-source.zip","generation":"1785601904163066"}},"dockerRegistry":"ARTIFACT_REGISTRY","serviceAccount":"projects/poruthurstores-1bb74/serviceAccounts/784163241119-compute@developer.gserviceaccount.com","automaticUpdatePolicy":{}},"serviceConfig":{"service":"projects/poruthurstores-1bb74/locations/asia-south1/services/processneworder","timeoutSeconds":60,"environmentVariables":{"FIREBASE_CONFIG":"{\"projectId\":\"poruthurstores-1bb74\",\"storageBucket\":\"poruthurstores-1bb74.firebasestorage.app\"}","GCLOUD_PROJECT":"poruthurstores-1bb74","EVENTARC_CLOUD_EVENT_SOURCE":"projects/poruthurstores-1bb74/locations/asia-south1/services/processNewOrder","FUNCTION_REGION":"asia-south1","FUNCTION_SIGNATURE_TYPE":"cloudevent","FUNCTION_TARGET":"processNewOrder","LOG_EXECUTION_ID":"true"},"maxInstanceCount":20,"ingressSettings":"ALLOW_ALL","uri":"https://processneworder-tkz26jgr4q-el.a.run.app","serviceAccountEmail":"784163241119-compute@developer.gserviceaccount.com","availableMemory":"256Mi","allTrafficOnLatestRevision":true,"revision":"processneworder-00007-jaf","maxInstanceRequestConcurrency":80,"availableCpu":"1"},"eventTrigger":{"trigger":"projects/poruthurstores-1bb74/locations/asia-south1/triggers/processneworder-125306","triggerRegion":"asia-south1","eventType":"google.cloud.firestore.document.v1.created","eventFilters":[{"attribute":"document","value":"orders/{orderId}","operator":"match-path-pattern"},{"attribute":"database","value":"(default)"},{"attribute":"namespace","value":"(default)"}],"pubsubTopic":"projects/poruthurstores-1bb74/topics/eventarc-asia-south1-processneworder-125306-639","serviceAccountEmail":"784163241119-compute@developer.gserviceaccount.com","retryPolicy":"RETRY_POLICY_DO_NOT_RETRY"},"state":"ACTIVE","updateTime":"2026-08-01T16:31:52.906760355Z","labels":{"firebase-functions-hash":"510d559149ef4906de23fcedd1c30bb6360ce15c","deployment-tool":"cli-firebase"},"environment":"GEN_2","url":"https://asia-south1-poruthurstores-1bb74.cloudfunctions.net/processNewOrder","satisfiesPzs":true,"createTime":"2026-07-30T13:29:05.462937818Z","satisfiesPzi":true},{"name":"projects/poruthurstores-1bb74/locations/asia-south1/functions/restoreStockOnCancel","buildConfig":{"build":"projects/784163241119/locations/asia-south1/builds/19cee474-ff22-4256-8f0b-1939293a3d26","runtime":"nodejs22","entryPoint":"restoreStockOnCancel","source":{"storageSource":{"bucket":"gcf-v2-sources-784163241119-asia-south1","object":"restoreStockOnCancel/function-source.zip","generation":"1785350388450373"}},"environmentVariables":{"GOOGLE_NODE_RUN_SCRIPTS":""},"dockerRepository":"projects/poruthurstores-1bb74/locations/asia-south1/repositories/gcf-artifacts","sourceProvenance":{"resolvedStorageSource":{"bucket":"gcf-v2-sources-784163241119-asia-south1","object":"restoreStockOnCancel/function-source.zip","generation":"1785350388450373"}},"dockerRegistry":"ARTIFACT_REGISTRY","serviceAccount":"projects/poruthurstores-1bb74/serviceAccounts/784163241119-compute@developer.gserviceaccount.com","automaticUpdatePolicy":{}},"state":"FAILED","updateTime":"2026-07-29T18:40:31.408329196Z","labels":{"deployment-tool":"cli-firebase","firebase-functions-hash":"1d58abdd63b9ebb162d02eb6a5ff9270e4976e84"},"stateMessages":[{"severity":"ERROR","type":"CloudRunServiceNotFound","message":"Cloud Run service projects/poruthurstores-1bb74/locations/asia-south1/services/restorestockoncancel for the function was not found. The function will not work correctly. Please redeploy."},{"severity":"ERROR","type":"EventarcTriggerNotFound","message":"Eventarc trigger projects/poruthurstores-1bb74/locations/asia-south1/triggers/restorestockoncancel-192267 for the function was not found. The function may not work correctly. Please redeploy."}],"environment":"GEN_2","url":"https://asia-south1-poruthurstores-1bb74.cloudfunctions.net/restoreStockOnCancel","satisfiesPzs":true,"createTime":"2026-07-29T18:39:49.562851Z","satisfiesPzi":true}]}
[info] i  extensions: ensuring required API firebaseextensions.googleapis.com is enabled... 
[debug] [2026-08-01T19:21:22.571Z] > command requires scopes: ["email","openid","https://www.googleapis.com/auth/cloudplatformprojects.readonly","https://www.googleapis.com/auth/firebase","https://www.googleapis.com/auth/cloud-platform"]
[debug] [2026-08-01T19:21:22.571Z] > authorizing via signed-in user (siddharthsunil378@gmail.com)
[debug] [2026-08-01T19:21:22.571Z] [iam] checking project poruthurstores-1bb74 for permissions ["firebase.projects.get","firebaseextensions.instances.list"]
[debug] [2026-08-01T19:21:22.571Z] Checked if tokens are valid: true, expires at: 1785615656641
[debug] [2026-08-01T19:21:22.571Z] Checked if tokens are valid: true, expires at: 1785615656641
[debug] [2026-08-01T19:21:22.571Z] >>> [apiv2][query] POST https://cloudresourcemanager.googleapis.com/v1/projects/poruthurstores-1bb74:testIamPermissions [none]
[debug] [2026-08-01T19:21:22.571Z] >>> [apiv2][(partial)header] POST https://cloudresourcemanager.googleapis.com/v1/projects/poruthurstores-1bb74:testIamPermissions  x-goog-user-project=poruthurstores-1bb74
[debug] [2026-08-01T19:21:22.571Z] >>> [apiv2][body] POST https://cloudresourcemanager.googleapis.com/v1/projects/poruthurstores-1bb74:testIamPermissions {"permissions":["firebase.projects.get","firebaseextensions.instances.list"]}
[debug] [2026-08-01T19:21:24.615Z] <<< [apiv2][status] POST https://cloudresourcemanager.googleapis.com/v1/projects/poruthurstores-1bb74:testIamPermissions 200
[debug] [2026-08-01T19:21:24.616Z] <<< [apiv2][body] POST https://cloudresourcemanager.googleapis.com/v1/projects/poruthurstores-1bb74:testIamPermissions {"permissions":["firebase.projects.get","firebaseextensions.instances.list"]}
[debug] [2026-08-01T19:21:24.616Z] Checked if tokens are valid: true, expires at: 1785615656641
[debug] [2026-08-01T19:21:24.616Z] Checked if tokens are valid: true, expires at: 1785615656641
[debug] [2026-08-01T19:21:24.617Z] >>> [apiv2][query] GET https://firebaseextensions.googleapis.com/v1beta/projects/poruthurstores-1bb74/instances pageSize=100&pageToken=
[debug] [2026-08-01T19:21:26.860Z] <<< [apiv2][status] GET https://firebaseextensions.googleapis.com/v1beta/projects/poruthurstores-1bb74/instances 200
[debug] [2026-08-01T19:21:26.860Z] <<< [apiv2][body] GET https://firebaseextensions.googleapis.com/v1beta/projects/poruthurstores-1bb74/instances {}
[debug] [2026-08-01T19:21:26.862Z] Attempting to merge .env secret bindings {} into declared secrets...)}
[debug] [2026-08-01T19:21:26.862Z] createOrder declared secrets: undefined
[debug] [2026-08-01T19:21:26.862Z] cancelOrder declared secrets: undefined
[info] i  functions: preparing functions directory for uploading... 
[info] i  functions: packaged C:\Users\siddh\grocery-app\functions (104.82 KB) for uploading 
[info] i  functions: ensuring required API run.googleapis.com is enabled... 
[info] i  functions: ensuring required API eventarc.googleapis.com is enabled... 
[info] i  functions: ensuring required API pubsub.googleapis.com is enabled... 
[info] i  functions: ensuring required API storage.googleapis.com is enabled... 
[info] i  functions: generating the service identity for pubsub.googleapis.com... 
[debug] [2026-08-01T19:21:26.972Z] Checked if tokens are valid: true, expires at: 1785615656641
[debug] [2026-08-01T19:21:26.972Z] Checked if tokens are valid: true, expires at: 1785615656641
[info] i  functions: generating the service identity for eventarc.googleapis.com... 
[debug] [2026-08-01T19:21:26.972Z] Checked if tokens are valid: true, expires at: 1785615656641
[debug] [2026-08-01T19:21:26.973Z] Checked if tokens are valid: true, expires at: 1785615656641
[debug] [2026-08-01T19:21:26.973Z] >>> [apiv2][query] POST https://serviceusage.googleapis.com/v1beta1/projects/784163241119/services/pubsub.googleapis.com:generateServiceIdentity [none]
[debug] [2026-08-01T19:21:26.973Z] >>> [apiv2][(partial)header] POST https://serviceusage.googleapis.com/v1beta1/projects/784163241119/services/pubsub.googleapis.com:generateServiceIdentity  x-goog-user-project=784163241119
[debug] [2026-08-01T19:21:26.973Z] >>> [apiv2][body] POST https://serviceusage.googleapis.com/v1beta1/projects/784163241119/services/pubsub.googleapis.com:generateServiceIdentity {}
[debug] [2026-08-01T19:21:26.974Z] >>> [apiv2][query] POST https://serviceusage.googleapis.com/v1beta1/projects/784163241119/services/eventarc.googleapis.com:generateServiceIdentity [none]
[debug] [2026-08-01T19:21:26.974Z] >>> [apiv2][(partial)header] POST https://serviceusage.googleapis.com/v1beta1/projects/784163241119/services/eventarc.googleapis.com:generateServiceIdentity  x-goog-user-project=784163241119
[debug] [2026-08-01T19:21:26.974Z] >>> [apiv2][body] POST https://serviceusage.googleapis.com/v1beta1/projects/784163241119/services/eventarc.googleapis.com:generateServiceIdentity {}
[debug] [2026-08-01T19:21:29.667Z] <<< [apiv2][status] POST https://serviceusage.googleapis.com/v1beta1/projects/784163241119/services/pubsub.googleapis.com:generateServiceIdentity 200
[debug] [2026-08-01T19:21:29.668Z] <<< [apiv2][body] POST https://serviceusage.googleapis.com/v1beta1/projects/784163241119/services/pubsub.googleapis.com:generateServiceIdentity {"name":"operations/finished.DONE_OPERATION","done":true,"response":{"@type":"type.googleapis.com/google.api.serviceusage.v1beta1.ServiceIdentity","email":"service-784163241119@gcp-sa-pubsub.iam.gserviceaccount.com","uniqueId":"106593903845023918506"}}
[debug] [2026-08-01T19:21:29.703Z] <<< [apiv2][status] POST https://serviceusage.googleapis.com/v1beta1/projects/784163241119/services/eventarc.googleapis.com:generateServiceIdentity 200
[debug] [2026-08-01T19:21:29.703Z] <<< [apiv2][body] POST https://serviceusage.googleapis.com/v1beta1/projects/784163241119/services/eventarc.googleapis.com:generateServiceIdentity {"name":"operations/finished.DONE_OPERATION","done":true,"response":{"@type":"type.googleapis.com/google.api.serviceusage.v1beta1.ServiceIdentity","email":"service-784163241119@gcp-sa-eventarc.iam.gserviceaccount.com","uniqueId":"116092985823892391189"}}
[debug] [2026-08-01T19:21:29.706Z] Checked if tokens are valid: true, expires at: 1785615656641
[debug] [2026-08-01T19:21:29.706Z] Checked if tokens are valid: true, expires at: 1785615656641
[debug] [2026-08-01T19:21:29.706Z] >>> [apiv2][query] GET https://cloudresourcemanager.googleapis.com/v1/projects/poruthurstores-1bb74 [none]
[debug] [2026-08-01T19:21:31.263Z] <<< [apiv2][status] GET https://cloudresourcemanager.googleapis.com/v1/projects/poruthurstores-1bb74 200
[debug] [2026-08-01T19:21:31.263Z] <<< [apiv2][body] GET https://cloudresourcemanager.googleapis.com/v1/projects/poruthurstores-1bb74 {"projectNumber":"784163241119","projectId":"poruthurstores-1bb74","lifecycleState":"ACTIVE","name":"PoruthurStores","labels":{"firebase":"enabled","firebase-core":"disabled"},"createTime":"2026-05-31T17:22:09.473Z"}
[debug] [2026-08-01T19:21:31.263Z] Checked if tokens are valid: true, expires at: 1785615656641
[debug] [2026-08-01T19:21:31.263Z] Checked if tokens are valid: true, expires at: 1785615656641
[debug] [2026-08-01T19:21:31.264Z] >>> [apiv2][query] GET https://compute.googleapis.com/compute/v1/projects/784163241119 [none]
[debug] [2026-08-01T19:21:31.881Z] <<< [apiv2][status] GET https://compute.googleapis.com/compute/v1/projects/784163241119 403
[debug] [2026-08-01T19:21:31.881Z] <<< [apiv2][body] GET https://compute.googleapis.com/compute/v1/projects/784163241119 {"error":{"code":403,"message":"Compute Engine API has not been used in project 784163241119 before or it is disabled. Enable it by visiting https://console.developers.google.com/apis/api/compute.googleapis.com/overview?project=784163241119 then retry. If you enabled this API recently, wait a few minutes for the action to propagate to our systems and retry.","errors":[{"message":"Compute Engine API has not been used in project 784163241119 before or it is disabled. Enable it by visiting https://console.developers.google.com/apis/api/compute.googleapis.com/overview?project=784163241119 then retry. If you enabled this API recently, wait a few minutes for the action to propagate to our systems and retry.","domain":"usageLimits","reason":"accessNotConfigured","extendedHelp":"https://console.developers.google.com"}],"status":"PERMISSION_DENIED","details":[{"@type":"type.googleapis.com/google.rpc.ErrorInfo","reason":"SERVICE_DISABLED","domain":"googleapis.com","metadata":{"containerInfo":"784163241119","activationUrl":"https://console.developers.google.com/apis/api/compute.googleapis.com/overview?project=784163241119","serviceTitle":"Compute Engine API","service":"compute.googleapis.com","consumer":"projects/784163241119"}},{"@type":"type.googleapis.com/google.rpc.LocalizedMessage","locale":"en-US","message":"Compute Engine API has not been used in project 784163241119 before or it is disabled. Enable it by visiting https://console.developers.google.com/apis/api/compute.googleapis.com/overview?project=784163241119 then retry. If you enabled this API recently, wait a few minutes for the action to propagate to our systems and retry."},{"@type":"type.googleapis.com/google.rpc.Help","links":[{"description":"Google developers console API activation","url":"https://console.developers.google.com/apis/api/compute.googleapis.com/overview?project=784163241119"}]}]}}
[debug] [2026-08-01T19:21:31.882Z] unable to look up default compute service account. Falling back to 784163241119-compute@developer.gserviceaccount.com. Error: {"name":"FirebaseError","children":[],"context":{"body":{"error":{"code":403,"message":"Compute Engine API has not been used in project 784163241119 before or it is disabled. Enable it by visiting https://console.developers.google.com/apis/api/compute.googleapis.com/overview?project=784163241119 then retry. If you enabled this API recently, wait a few minutes for the action to propagate to our systems and retry.","errors":[{"message":"Compute Engine API has not been used in project 784163241119 before or it is disabled. Enable it by visiting https://console.developers.google.com/apis/api/compute.googleapis.com/overview?project=784163241119 then retry. If you enabled this API recently, wait a few minutes for the action to propagate to our systems and retry.","domain":"usageLimits","reason":"accessNotConfigured","extendedHelp":"https://console.developers.google.com"}],"status":"PERMISSION_DENIED","details":[{"@type":"type.googleapis.com/google.rpc.ErrorInfo","reason":"SERVICE_DISABLED","domain":"googleapis.com","metadata":{"containerInfo":"784163241119","activationUrl":"https://console.developers.google.com/apis/api/compute.googleapis.com/overview?project=784163241119","serviceTitle":"Compute Engine API","service":"compute.googleapis.com","consumer":"projects/784163241119"}},{"@type":"type.googleapis.com/google.rpc.LocalizedMessage","locale":"en-US","message":"Compute Engine API has not been used in project 784163241119 before or it is disabled. Enable it by visiting https://console.developers.google.com/apis/api/compute.googleapis.com/overview?project=784163241119 then retry. If you enabled this API recently, wait a few minutes for the action to propagate to our systems and retry."},{"@type":"type.googleapis.com/google.rpc.Help","links":[{"description":"Google developers console API activation","url":"https://console.developers.google.com/apis/api/compute.googleapis.com/overview?project=784163241119"}]}]}},"response":{"statusCode":403}},"exit":1,"message":"Request to https://compute.googleapis.com/compute/v1/projects/784163241119 had HTTP Error: 403, Compute Engine API has not been used in project 784163241119 before or it is disabled. Enable it by visiting https://console.developers.google.com/apis/api/compute.googleapis.com/overview?project=784163241119 then retry. If you enabled this API recently, wait a few minutes for the action to propagate to our systems and retry.","status":403}
[debug] [2026-08-01T19:21:31.882Z] Checked if tokens are valid: true, expires at: 1785615656641
[debug] [2026-08-01T19:21:31.882Z] Checked if tokens are valid: true, expires at: 1785615656641
[debug] [2026-08-01T19:21:31.882Z] >>> [apiv2][query] GET https://compute.googleapis.com/compute/v1/projects/784163241119 [none]
[debug] [2026-08-01T19:21:32.207Z] <<< [apiv2][status] GET https://compute.googleapis.com/compute/v1/projects/784163241119 403
[debug] [2026-08-01T19:21:32.208Z] <<< [apiv2][body] GET https://compute.googleapis.com/compute/v1/projects/784163241119 {"error":{"code":403,"message":"Compute Engine API has not been used in project 784163241119 before or it is disabled. Enable it by visiting https://console.developers.google.com/apis/api/compute.googleapis.com/overview?project=784163241119 then retry. If you enabled this API recently, wait a few minutes for the action to propagate to our systems and retry.","errors":[{"message":"Compute Engine API has not been used in project 784163241119 before or it is disabled. Enable it by visiting https://console.developers.google.com/apis/api/compute.googleapis.com/overview?project=784163241119 then retry. If you enabled this API recently, wait a few minutes for the action to propagate to our systems and retry.","domain":"usageLimits","reason":"accessNotConfigured","extendedHelp":"https://console.developers.google.com"}],"status":"PERMISSION_DENIED","details":[{"@type":"type.googleapis.com/google.rpc.ErrorInfo","reason":"SERVICE_DISABLED","domain":"googleapis.com","metadata":{"consumer":"projects/784163241119","service":"compute.googleapis.com","activationUrl":"https://console.developers.google.com/apis/api/compute.googleapis.com/overview?project=784163241119","serviceTitle":"Compute Engine API","containerInfo":"784163241119"}},{"@type":"type.googleapis.com/google.rpc.LocalizedMessage","locale":"en-US","message":"Compute Engine API has not been used in project 784163241119 before or it is disabled. Enable it by visiting https://console.developers.google.com/apis/api/compute.googleapis.com/overview?project=784163241119 then retry. If you enabled this API recently, wait a few minutes for the action to propagate to our systems and retry."},{"@type":"type.googleapis.com/google.rpc.Help","links":[{"description":"Google developers console API activation","url":"https://console.developers.google.com/apis/api/compute.googleapis.com/overview?project=784163241119"}]}]}}
[debug] [2026-08-01T19:21:32.208Z] unable to look up default compute service account. Falling back to 784163241119-compute@developer.gserviceaccount.com. Error: {"name":"FirebaseError","children":[],"context":{"body":{"error":{"code":403,"message":"Compute Engine API has not been used in project 784163241119 before or it is disabled. Enable it by visiting https://console.developers.google.com/apis/api/compute.googleapis.com/overview?project=784163241119 then retry. If you enabled this API recently, wait a few minutes for the action to propagate to our systems and retry.","errors":[{"message":"Compute Engine API has not been used in project 784163241119 before or it is disabled. Enable it by visiting https://console.developers.google.com/apis/api/compute.googleapis.com/overview?project=784163241119 then retry. If you enabled this API recently, wait a few minutes for the action to propagate to our systems and retry.","domain":"usageLimits","reason":"accessNotConfigured","extendedHelp":"https://console.developers.google.com"}],"status":"PERMISSION_DENIED","details":[{"@type":"type.googleapis.com/google.rpc.ErrorInfo","reason":"SERVICE_DISABLED","domain":"googleapis.com","metadata":{"consumer":"projects/784163241119","service":"compute.googleapis.com","activationUrl":"https://console.developers.google.com/apis/api/compute.googleapis.com/overview?project=784163241119","serviceTitle":"Compute Engine API","containerInfo":"784163241119"}},{"@type":"type.googleapis.com/google.rpc.LocalizedMessage","locale":"en-US","message":"Compute Engine API has not been used in project 784163241119 before or it is disabled. Enable it by visiting https://console.developers.google.com/apis/api/compute.googleapis.com/overview?project=784163241119 then retry. If you enabled this API recently, wait a few minutes for the action to propagate to our systems and retry."},{"@type":"type.googleapis.com/google.rpc.Help","links":[{"description":"Google developers console API activation","url":"https://console.developers.google.com/apis/api/compute.googleapis.com/overview?project=784163241119"}]}]}},"response":{"statusCode":403}},"exit":1,"message":"Request to https://compute.googleapis.com/compute/v1/projects/784163241119 had HTTP Error: 403, Compute Engine API has not been used in project 784163241119 before or it is disabled. Enable it by visiting https://console.developers.google.com/apis/api/compute.googleapis.com/overview?project=784163241119 then retry. If you enabled this API recently, wait a few minutes for the action to propagate to our systems and retry.","status":403}
[debug] [2026-08-01T19:21:32.208Z] Checked if tokens are valid: true, expires at: 1785615656641
[debug] [2026-08-01T19:21:32.208Z] Checked if tokens are valid: true, expires at: 1785615656641
[debug] [2026-08-01T19:21:32.208Z] >>> [apiv2][query] GET https://compute.googleapis.com/compute/v1/projects/784163241119 [none]
[debug] [2026-08-01T19:21:32.524Z] <<< [apiv2][status] GET https://compute.googleapis.com/compute/v1/projects/784163241119 403
[debug] [2026-08-01T19:21:32.524Z] <<< [apiv2][body] GET https://compute.googleapis.com/compute/v1/projects/784163241119 {"error":{"code":403,"message":"Compute Engine API has not been used in project 784163241119 before or it is disabled. Enable it by visiting https://console.developers.google.com/apis/api/compute.googleapis.com/overview?project=784163241119 then retry. If you enabled this API recently, wait a few minutes for the action to propagate to our systems and retry.","errors":[{"message":"Compute Engine API has not been used in project 784163241119 before or it is disabled. Enable it by visiting https://console.developers.google.com/apis/api/compute.googleapis.com/overview?project=784163241119 then retry. If you enabled this API recently, wait a few minutes for the action to propagate to our systems and retry.","domain":"usageLimits","reason":"accessNotConfigured","extendedHelp":"https://console.developers.google.com"}],"status":"PERMISSION_DENIED","details":[{"@type":"type.googleapis.com/google.rpc.ErrorInfo","reason":"SERVICE_DISABLED","domain":"googleapis.com","metadata":{"consumer":"projects/784163241119","serviceTitle":"Compute Engine API","containerInfo":"784163241119","service":"compute.googleapis.com","activationUrl":"https://console.developers.google.com/apis/api/compute.googleapis.com/overview?project=784163241119"}},{"@type":"type.googleapis.com/google.rpc.LocalizedMessage","locale":"en-US","message":"Compute Engine API has not been used in project 784163241119 before or it is disabled. Enable it by visiting https://console.developers.google.com/apis/api/compute.googleapis.com/overview?project=784163241119 then retry. If you enabled this API recently, wait a few minutes for the action to propagate to our systems and retry."},{"@type":"type.googleapis.com/google.rpc.Help","links":[{"description":"Google developers console API activation","url":"https://console.developers.google.com/apis/api/compute.googleapis.com/overview?project=784163241119"}]}]}}
[debug] [2026-08-01T19:21:32.525Z] unable to look up default compute service account. Falling back to 784163241119-compute@developer.gserviceaccount.com. Error: {"name":"FirebaseError","children":[],"context":{"body":{"error":{"code":403,"message":"Compute Engine API has not been used in project 784163241119 before or it is disabled. Enable it by visiting https://console.developers.google.com/apis/api/compute.googleapis.com/overview?project=784163241119 then retry. If you enabled this API recently, wait a few minutes for the action to propagate to our systems and retry.","errors":[{"message":"Compute Engine API has not been used in project 784163241119 before or it is disabled. Enable it by visiting https://console.developers.google.com/apis/api/compute.googleapis.com/overview?project=784163241119 then retry. If you enabled this API recently, wait a few minutes for the action to propagate to our systems and retry.","domain":"usageLimits","reason":"accessNotConfigured","extendedHelp":"https://console.developers.google.com"}],"status":"PERMISSION_DENIED","details":[{"@type":"type.googleapis.com/google.rpc.ErrorInfo","reason":"SERVICE_DISABLED","domain":"googleapis.com","metadata":{"consumer":"projects/784163241119","serviceTitle":"Compute Engine API","containerInfo":"784163241119","service":"compute.googleapis.com","activationUrl":"https://console.developers.google.com/apis/api/compute.googleapis.com/overview?project=784163241119"}},{"@type":"type.googleapis.com/google.rpc.LocalizedMessage","locale":"en-US","message":"Compute Engine API has not been used in project 784163241119 before or it is disabled. Enable it by visiting https://console.developers.google.com/apis/api/compute.googleapis.com/overview?project=784163241119 then retry. If you enabled this API recently, wait a few minutes for the action to propagate to our systems and retry."},{"@type":"type.googleapis.com/google.rpc.Help","links":[{"description":"Google developers console API activation","url":"https://console.developers.google.com/apis/api/compute.googleapis.com/overview?project=784163241119"}]}]}},"response":{"statusCode":403}},"exit":1,"message":"Request to https://compute.googleapis.com/compute/v1/projects/784163241119 had HTTP Error: 403, Compute Engine API has not been used in project 784163241119 before or it is disabled. Enable it by visiting https://console.developers.google.com/apis/api/compute.googleapis.com/overview?project=784163241119 then retry. If you enabled this API recently, wait a few minutes for the action to propagate to our systems and retry.","status":403}
[debug] [2026-08-01T19:21:32.526Z] Checked if tokens are valid: true, expires at: 1785615656641
[debug] [2026-08-01T19:21:32.526Z] Checked if tokens are valid: true, expires at: 1785615656641
[debug] [2026-08-01T19:21:32.527Z] >>> [apiv2][query] GET https://cloudbilling.googleapis.com/v1/projects/poruthurstores-1bb74/billingInfo [none]
[debug] [2026-08-01T19:21:32.527Z] >>> [apiv2][(partial)header] GET https://cloudbilling.googleapis.com/v1/projects/poruthurstores-1bb74/billingInfo  x-goog-user-project=poruthurstores-1bb74
[debug] [2026-08-01T19:21:33.261Z] <<< [apiv2][status] GET https://cloudbilling.googleapis.com/v1/projects/poruthurstores-1bb74/billingInfo 200
[debug] [2026-08-01T19:21:33.261Z] <<< [apiv2][body] GET https://cloudbilling.googleapis.com/v1/projects/poruthurstores-1bb74/billingInfo {"name":"projects/poruthurstores-1bb74/billingInfo","projectId":"poruthurstores-1bb74","billingAccountName":"billingAccounts/01EFD5-3E8562-EF9F15","billingEnabled":true}
[debug] [2026-08-01T19:21:33.264Z] Checked if tokens are valid: true, expires at: 1785615656641
[debug] [2026-08-01T19:21:33.264Z] Checked if tokens are valid: true, expires at: 1785615656641
[debug] [2026-08-01T19:21:33.264Z] >>> [apiv2][query] POST https://cloudfunctions.googleapis.com/v2/projects/poruthurstores-1bb74/locations/us-central1/functions:generateUploadUrl [none]
[debug] [2026-08-01T19:21:36.206Z] <<< [apiv2][status] POST https://cloudfunctions.googleapis.com/v2/projects/poruthurstores-1bb74/locations/us-central1/functions:generateUploadUrl 200
[debug] [2026-08-01T19:21:36.206Z] <<< [apiv2][body] POST https://cloudfunctions.googleapis.com/v2/projects/poruthurstores-1bb74/locations/us-central1/functions:generateUploadUrl {"uploadUrl":"https://storage.googleapis.com/gcf-v2-uploads-784163241119.us-central1.cloudfunctions.appspot.com/805dfe40-0245-4b11-8428-3ae56c92b3de.zip?GoogleAccessId=service-784163241119@gcf-admin-robot.iam.gserviceaccount.com&Expires=1785613897&Signature=su1tlhzUMQ8w0KNnrVoVhrajHhkfaysWJd%2BFE%2FxoCeDvBg9uJokQB6h4G128ARmf0KC1mym1BlmW5%2BzE6DAcm8bBvMJ9d1WU7nfn6oKaVQ1x3Vz%2BzdQt5AoJNODz3Cy9AVU1p1xtAVvCBPID%2FrTcOcgBMzVsyU3HPS6jcBQUGBw8PXyAb6S33BMIHh%2B9zQJmAshs8eAr60RJfXL9hIGkNhn3V6YErce7diH80HYHLjrrh9RYpDKq6DEHO%2F9g4mh%2FTVVmwAAq%2BYd3Fi%2BS5XvW0lbXacXbVi9NTCz3fpiXGVnkPs6SMhJQQRcvJ9r6BuNBIJ0o%2BW6Wtnp19P8Wh%2FdMxA%3D%3D","storageSource":{"bucket":"gcf-v2-uploads-784163241119.us-central1.cloudfunctions.appspot.com","object":"805dfe40-0245-4b11-8428-3ae56c92b3de.zip"}}
[debug] [2026-08-01T19:21:36.207Z] >>> [apiv2][query] PUT https://storage.googleapis.com/gcf-v2-uploads-784163241119.us-central1.cloudfunctions.appspot.com/805dfe40-0245-4b11-8428-3ae56c92b3de.zip GoogleAccessId=service-784163241119%40gcf-admin-robot.iam.gserviceaccount.com&Expires=1785613897&Signature=su1tlhzUMQ8w0KNnrVoVhrajHhkfaysWJd%2BFE%2FxoCeDvBg9uJokQB6h4G128ARmf0KC1mym1BlmW5%2BzE6DAcm8bBvMJ9d1WU7nfn6oKaVQ1x3Vz%2BzdQt5AoJNODz3Cy9AVU1p1xtAVvCBPID%2FrTcOcgBMzVsyU3HPS6jcBQUGBw8PXyAb6S33BMIHh%2B9zQJmAshs8eAr60RJfXL9hIGkNhn3V6YErce7diH80HYHLjrrh9RYpDKq6DEHO%2F9g4mh%2FTVVmwAAq%2BYd3Fi%2BS5XvW0lbXacXbVi9NTCz3fpiXGVnkPs6SMhJQQRcvJ9r6BuNBIJ0o%2BW6Wtnp19P8Wh%2FdMxA%3D%3D
[debug] [2026-08-01T19:21:36.207Z] >>> [apiv2][body] PUT https://storage.googleapis.com/gcf-v2-uploads-784163241119.us-central1.cloudfunctions.appspot.com/805dfe40-0245-4b11-8428-3ae56c92b3de.zip [stream]
[debug] [2026-08-01T19:21:38.833Z] <<< [apiv2][status] PUT https://storage.googleapis.com/gcf-v2-uploads-784163241119.us-central1.cloudfunctions.appspot.com/805dfe40-0245-4b11-8428-3ae56c92b3de.zip 200
[debug] [2026-08-01T19:21:38.833Z] <<< [apiv2][body] PUT https://storage.googleapis.com/gcf-v2-uploads-784163241119.us-central1.cloudfunctions.appspot.com/805dfe40-0245-4b11-8428-3ae56c92b3de.zip [omitted]
[info] +  functions: functions source uploaded successfully 
[info] 
The following functions are found in your project but do not exist in your local source code:
	processNewOrder(asia-south1)
	restoreStockAfterCancellation(asia-south1)

If you are renaming a function or changing its region, it is recommended that you create the new function first before deleting the old one to prevent event loss. For more info, visit https://firebase.google.com/docs/functions/manage-functions#modify

[info] i  functions: creating Node.js 22 (2nd Gen) function createOrder(us-central1)... 
[info] i  functions: creating Node.js 22 (2nd Gen) function cancelOrder(us-central1)... 
[debug] [2026-08-01T19:21:50.499Z] Checked if tokens are valid: true, expires at: 1785615656641
[debug] [2026-08-01T19:21:50.500Z] Checked if tokens are valid: true, expires at: 1785615656641
[debug] [2026-08-01T19:21:50.500Z] >>> [apiv2][query] POST https://cloudfunctions.googleapis.com/v2/projects/poruthurstores-1bb74/locations/us-central1/functions functionId=createOrder
[debug] [2026-08-01T19:21:50.500Z] >>> [apiv2][body] POST https://cloudfunctions.googleapis.com/v2/projects/poruthurstores-1bb74/locations/us-central1/functions {"name":"projects/poruthurstores-1bb74/locations/us-central1/functions/createOrder","buildConfig":{"runtime":"nodejs22","entryPoint":"createOrder","source":{"storageSource":{"bucket":"gcf-v2-uploads-784163241119.us-central1.cloudfunctions.appspot.com","object":"805dfe40-0245-4b11-8428-3ae56c92b3de.zip"}},"environmentVariables":{"GOOGLE_NODE_RUN_SCRIPTS":""}},"serviceConfig":{"environmentVariables":{"FIREBASE_CONFIG":"{\"projectId\":\"poruthurstores-1bb74\",\"storageBucket\":\"poruthurstores-1bb74.firebasestorage.app\"}","GCLOUD_PROJECT":"poruthurstores-1bb74","EVENTARC_CLOUD_EVENT_SOURCE":"projects/poruthurstores-1bb74/locations/us-central1/services/createOrder","FUNCTION_REGION":"us-central1","FUNCTION_TARGET":"createOrder","LOG_EXECUTION_ID":"true"},"ingressSettings":null,"timeoutSeconds":null,"serviceAccountEmail":null,"availableMemory":"256Mi","minInstanceCount":null,"maxInstanceCount":null,"maxInstanceRequestConcurrency":80,"availableCpu":"1","vpcConnector":null,"vpcConnectorEgressSettings":null,"directVpcNetworkInterface":null,"directVpcEgress":null},"labels":{"deployment-tool":"cli-firebase","deployment-callable":"true","firebase-functions-hash":"42b478bc6a4d47cad11577267a996852cc234973"}}
[debug] [2026-08-01T19:21:53.491Z] <<< [apiv2][status] POST https://cloudfunctions.googleapis.com/v2/projects/poruthurstores-1bb74/locations/us-central1/functions 200
[debug] [2026-08-01T19:21:53.491Z] <<< [apiv2][body] POST https://cloudfunctions.googleapis.com/v2/projects/poruthurstores-1bb74/locations/us-central1/functions {"name":"projects/poruthurstores-1bb74/locations/us-central1/operations/operation-1785612113145-6580137b5f027-bd66a24f-cf1f4d0c","metadata":{"@type":"type.googleapis.com/google.cloud.functions.v2.OperationMetadata","createTime":"2026-08-01T19:21:54.601594903Z","target":"projects/poruthurstores-1bb74/locations/us-central1/functions/createOrder","verb":"create","cancelRequested":false,"apiVersion":"v2"},"done":false}
[debug] [2026-08-01T19:21:53.492Z] Checked if tokens are valid: true, expires at: 1785615656641
[debug] [2026-08-01T19:21:53.492Z] Checked if tokens are valid: true, expires at: 1785615656641
[debug] [2026-08-01T19:21:53.492Z] >>> [apiv2][query] GET https://cloudfunctions.googleapis.com/v2/projects/poruthurstores-1bb74/locations/us-central1/operations/operation-1785612113145-6580137b5f027-bd66a24f-cf1f4d0c [none]
[debug] [2026-08-01T19:21:55.059Z] <<< [apiv2][status] GET https://cloudfunctions.googleapis.com/v2/projects/poruthurstores-1bb74/locations/us-central1/operations/operation-1785612113145-6580137b5f027-bd66a24f-cf1f4d0c 200
[debug] [2026-08-01T19:21:55.060Z] <<< [apiv2][body] GET https://cloudfunctions.googleapis.com/v2/projects/poruthurstores-1bb74/locations/us-central1/operations/operation-1785612113145-6580137b5f027-bd66a24f-cf1f4d0c {"name":"projects/poruthurstores-1bb74/locations/us-central1/operations/operation-1785612113145-6580137b5f027-bd66a24f-cf1f4d0c","metadata":{"@type":"type.googleapis.com/google.cloud.functions.v2.OperationMetadata","createTime":"2026-08-01T19:21:54.601594903Z","target":"projects/poruthurstores-1bb74/locations/us-central1/functions/createOrder","verb":"create","cancelRequested":false,"apiVersion":"v2","requestResource":{"@type":"type.googleapis.com/google.cloud.functions.v2.Function","name":"projects/poruthurstores-1bb74/locations/us-central1/functions/createOrder","buildConfig":{"runtime":"nodejs22","entryPoint":"createOrder","source":{"storageSource":{"bucket":"gcf-v2-sources-784163241119-us-central1","object":"createOrder/function-source.zip","generation":"1785612114345135"}},"environmentVariables":{"GOOGLE_NODE_RUN_SCRIPTS":""},"serviceAccount":"projects/poruthurstores-1bb74/serviceAccounts/784163241119-compute@developer.gserviceaccount.com","automaticUpdatePolicy":{}},"serviceConfig":{"service":"projects/poruthurstores-1bb74/locations/us-central1/services/createorder","timeoutSeconds":60,"environmentVariables":{"FIREBASE_CONFIG":"{\"projectId\":\"poruthurstores-1bb74\",\"storageBucket\":\"poruthurstores-1bb74.firebasestorage.app\"}","GCLOUD_PROJECT":"poruthurstores-1bb74","EVENTARC_CLOUD_EVENT_SOURCE":"projects/poruthurstores-1bb74/locations/us-central1/services/createOrder","FUNCTION_REGION":"us-central1","FUNCTION_TARGET":"createOrder","LOG_EXECUTION_ID":"true"},"ingressSettings":"ALLOW_ALL","serviceAccountEmail":"784163241119-compute@developer.gserviceaccount.com","availableMemory":"256Mi","maxInstanceRequestConcurrency":80,"availableCpu":"1"},"labels":{"deployment-tool":"cli-firebase","deployment-callable":"true","firebase-functions-hash":"42b478bc6a4d47cad11577267a996852cc234973"},"environment":"GEN_2"},"stages":[{"name":"BUILD","state":"NOT_STARTED"},{"name":"SERVICE","state":"NOT_STARTED"}],"operationType":"CREATE_FUNCTION"},"done":false}
[debug] [2026-08-01T19:21:55.561Z] [create-default-us-central1-createOrder] Retrying task index 0
[debug] [2026-08-01T19:21:55.562Z] Checked if tokens are valid: true, expires at: 1785615656641
[debug] [2026-08-01T19:21:55.562Z] Checked if tokens are valid: true, expires at: 1785615656641
[debug] [2026-08-01T19:21:55.562Z] >>> [apiv2][query] GET https://cloudfunctions.googleapis.com/v2/projects/poruthurstores-1bb74/locations/us-central1/operations/operation-1785612113145-6580137b5f027-bd66a24f-cf1f4d0c [none]
[debug] [2026-08-01T19:21:56.284Z] <<< [apiv2][status] GET https://cloudfunctions.googleapis.com/v2/projects/poruthurstores-1bb74/locations/us-central1/operations/operation-1785612113145-6580137b5f027-bd66a24f-cf1f4d0c 200
[debug] [2026-08-01T19:21:56.284Z] <<< [apiv2][body] GET https://cloudfunctions.googleapis.com/v2/projects/poruthurstores-1bb74/locations/us-central1/operations/operation-1785612113145-6580137b5f027-bd66a24f-cf1f4d0c {"name":"projects/poruthurstores-1bb74/locations/us-central1/operations/operation-1785612113145-6580137b5f027-bd66a24f-cf1f4d0c","metadata":{"@type":"type.googleapis.com/google.cloud.functions.v2.OperationMetadata","createTime":"2026-08-01T19:21:54.601594903Z","target":"projects/poruthurstores-1bb74/locations/us-central1/functions/createOrder","verb":"create","cancelRequested":false,"apiVersion":"v2","requestResource":{"@type":"type.googleapis.com/google.cloud.functions.v2.Function","name":"projects/poruthurstores-1bb74/locations/us-central1/functions/createOrder","buildConfig":{"runtime":"nodejs22","entryPoint":"createOrder","source":{"storageSource":{"bucket":"gcf-v2-sources-784163241119-us-central1","object":"createOrder/function-source.zip","generation":"1785612114345135"}},"environmentVariables":{"GOOGLE_NODE_RUN_SCRIPTS":""},"serviceAccount":"projects/poruthurstores-1bb74/serviceAccounts/784163241119-compute@developer.gserviceaccount.com","automaticUpdatePolicy":{}},"serviceConfig":{"service":"projects/poruthurstores-1bb74/locations/us-central1/services/createorder","timeoutSeconds":60,"environmentVariables":{"FIREBASE_CONFIG":"{\"projectId\":\"poruthurstores-1bb74\",\"storageBucket\":\"poruthurstores-1bb74.firebasestorage.app\"}","GCLOUD_PROJECT":"poruthurstores-1bb74","EVENTARC_CLOUD_EVENT_SOURCE":"projects/poruthurstores-1bb74/locations/us-central1/services/createOrder","FUNCTION_REGION":"us-central1","FUNCTION_TARGET":"createOrder","LOG_EXECUTION_ID":"true"},"ingressSettings":"ALLOW_ALL","serviceAccountEmail":"784163241119-compute@developer.gserviceaccount.com","availableMemory":"256Mi","maxInstanceRequestConcurrency":80,"availableCpu":"1"},"labels":{"deployment-tool":"cli-firebase","deployment-callable":"true","firebase-functions-hash":"42b478bc6a4d47cad11577267a996852cc234973"},"environment":"GEN_2"},"stages":[{"name":"BUILD","state":"NOT_STARTED"},{"name":"SERVICE","state":"NOT_STARTED"}],"operationType":"CREATE_FUNCTION"},"done":false}
[debug] [2026-08-01T19:21:57.300Z] [create-default-us-central1-createOrder] Retrying task index 0
[debug] [2026-08-01T19:21:57.300Z] Checked if tokens are valid: true, expires at: 1785615656641
[debug] [2026-08-01T19:21:57.301Z] Checked if tokens are valid: true, expires at: 1785615656641
[debug] [2026-08-01T19:21:57.301Z] >>> [apiv2][query] GET https://cloudfunctions.googleapis.com/v2/projects/poruthurstores-1bb74/locations/us-central1/operations/operation-1785612113145-6580137b5f027-bd66a24f-cf1f4d0c [none]
[debug] [2026-08-01T19:21:59.158Z] <<< [apiv2][status] GET https://cloudfunctions.googleapis.com/v2/projects/poruthurstores-1bb74/locations/us-central1/operations/operation-1785612113145-6580137b5f027-bd66a24f-cf1f4d0c 200
[debug] [2026-08-01T19:21:59.158Z] <<< [apiv2][body] GET https://cloudfunctions.googleapis.com/v2/projects/poruthurstores-1bb74/locations/us-central1/operations/operation-1785612113145-6580137b5f027-bd66a24f-cf1f4d0c {"name":"projects/poruthurstores-1bb74/locations/us-central1/operations/operation-1785612113145-6580137b5f027-bd66a24f-cf1f4d0c","metadata":{"@type":"type.googleapis.com/google.cloud.functions.v2.OperationMetadata","createTime":"2026-08-01T19:21:54.601594903Z","target":"projects/poruthurstores-1bb74/locations/us-central1/functions/createOrder","verb":"create","cancelRequested":false,"apiVersion":"v2","requestResource":{"@type":"type.googleapis.com/google.cloud.functions.v2.Function","name":"projects/poruthurstores-1bb74/locations/us-central1/functions/createOrder","buildConfig":{"runtime":"nodejs22","entryPoint":"createOrder","source":{"storageSource":{"bucket":"gcf-v2-sources-784163241119-us-central1","object":"createOrder/function-source.zip","generation":"1785612114345135"}},"environmentVariables":{"GOOGLE_NODE_RUN_SCRIPTS":""},"serviceAccount":"projects/poruthurstores-1bb74/serviceAccounts/784163241119-compute@developer.gserviceaccount.com","automaticUpdatePolicy":{}},"serviceConfig":{"service":"projects/poruthurstores-1bb74/locations/us-central1/services/createorder","timeoutSeconds":60,"environmentVariables":{"FIREBASE_CONFIG":"{\"projectId\":\"poruthurstores-1bb74\",\"storageBucket\":\"poruthurstores-1bb74.firebasestorage.app\"}","GCLOUD_PROJECT":"poruthurstores-1bb74","EVENTARC_CLOUD_EVENT_SOURCE":"projects/poruthurstores-1bb74/locations/us-central1/services/createOrder","FUNCTION_REGION":"us-central1","FUNCTION_TARGET":"createOrder","LOG_EXECUTION_ID":"true"},"ingressSettings":"ALLOW_ALL","serviceAccountEmail":"784163241119-compute@developer.gserviceaccount.com","availableMemory":"256Mi","maxInstanceRequestConcurrency":80,"availableCpu":"1"},"labels":{"deployment-tool":"cli-firebase","deployment-callable":"true","firebase-functions-hash":"42b478bc6a4d47cad11577267a996852cc234973"},"environment":"GEN_2"},"stages":[{"name":"BUILD","state":"NOT_STARTED"},{"name":"SERVICE","state":"NOT_STARTED"}],"operationType":"CREATE_FUNCTION"},"done":false}
[debug] [2026-08-01T19:22:01.174Z] [create-default-us-central1-createOrder] Retrying task index 0
[debug] [2026-08-01T19:22:01.174Z] Checked if tokens are valid: true, expires at: 1785615656641
[debug] [2026-08-01T19:22:01.174Z] Checked if tokens are valid: true, expires at: 1785615656641
[debug] [2026-08-01T19:22:01.175Z] >>> [apiv2][query] GET https://cloudfunctions.googleapis.com/v2/projects/poruthurstores-1bb74/locations/us-central1/operations/operation-1785612113145-6580137b5f027-bd66a24f-cf1f4d0c [none]
[debug] [2026-08-01T19:22:02.528Z] <<< [apiv2][status] GET https://cloudfunctions.googleapis.com/v2/projects/poruthurstores-1bb74/locations/us-central1/operations/operation-1785612113145-6580137b5f027-bd66a24f-cf1f4d0c 200
[debug] [2026-08-01T19:22:02.529Z] <<< [apiv2][body] GET https://cloudfunctions.googleapis.com/v2/projects/poruthurstores-1bb74/locations/us-central1/operations/operation-1785612113145-6580137b5f027-bd66a24f-cf1f4d0c {"name":"projects/poruthurstores-1bb74/locations/us-central1/operations/operation-1785612113145-6580137b5f027-bd66a24f-cf1f4d0c","metadata":{"@type":"type.googleapis.com/google.cloud.functions.v2.OperationMetadata","createTime":"2026-08-01T19:21:54.601594903Z","target":"projects/poruthurstores-1bb74/locations/us-central1/functions/createOrder","verb":"create","cancelRequested":false,"apiVersion":"v2","requestResource":{"@type":"type.googleapis.com/google.cloud.functions.v2.Function","name":"projects/poruthurstores-1bb74/locations/us-central1/functions/createOrder","buildConfig":{"runtime":"nodejs22","entryPoint":"createOrder","source":{"storageSource":{"bucket":"gcf-v2-sources-784163241119-us-central1","object":"createOrder/function-source.zip","generation":"1785612114345135"}},"environmentVariables":{"GOOGLE_NODE_RUN_SCRIPTS":""},"serviceAccount":"projects/poruthurstores-1bb74/serviceAccounts/784163241119-compute@developer.gserviceaccount.com","automaticUpdatePolicy":{}},"serviceConfig":{"service":"projects/poruthurstores-1bb74/locations/us-central1/services/createorder","timeoutSeconds":60,"environmentVariables":{"FIREBASE_CONFIG":"{\"projectId\":\"poruthurstores-1bb74\",\"storageBucket\":\"poruthurstores-1bb74.firebasestorage.app\"}","GCLOUD_PROJECT":"poruthurstores-1bb74","EVENTARC_CLOUD_EVENT_SOURCE":"projects/poruthurstores-1bb74/locations/us-central1/services/createOrder","FUNCTION_REGION":"us-central1","FUNCTION_TARGET":"createOrder","LOG_EXECUTION_ID":"true"},"ingressSettings":"ALLOW_ALL","serviceAccountEmail":"784163241119-compute@developer.gserviceaccount.com","availableMemory":"256Mi","maxInstanceRequestConcurrency":80,"availableCpu":"1"},"labels":{"deployment-tool":"cli-firebase","deployment-callable":"true","firebase-functions-hash":"42b478bc6a4d47cad11577267a996852cc234973"},"environment":"GEN_2"},"stages":[{"name":"BUILD","state":"NOT_STARTED"},{"name":"SERVICE","state":"NOT_STARTED"}],"operationType":"CREATE_FUNCTION"},"done":false}
[debug] [2026-08-01T19:22:06.537Z] [create-default-us-central1-createOrder] Retrying task index 0
[debug] [2026-08-01T19:22:06.537Z] Checked if tokens are valid: true, expires at: 1785615656641
[debug] [2026-08-01T19:22:06.537Z] Checked if tokens are valid: true, expires at: 1785615656641
[debug] [2026-08-01T19:22:06.537Z] >>> [apiv2][query] GET https://cloudfunctions.googleapis.com/v2/projects/poruthurstores-1bb74/locations/us-central1/operations/operation-1785612113145-6580137b5f027-bd66a24f-cf1f4d0c [none]
[debug] [2026-08-01T19:22:08.069Z] <<< [apiv2][status] GET https://cloudfunctions.googleapis.com/v2/projects/poruthurstores-1bb74/locations/us-central1/operations/operation-1785612113145-6580137b5f027-bd66a24f-cf1f4d0c 200
[debug] [2026-08-01T19:22:08.069Z] <<< [apiv2][body] GET https://cloudfunctions.googleapis.com/v2/projects/poruthurstores-1bb74/locations/us-central1/operations/operation-1785612113145-6580137b5f027-bd66a24f-cf1f4d0c {"name":"projects/poruthurstores-1bb74/locations/us-central1/operations/operation-1785612113145-6580137b5f027-bd66a24f-cf1f4d0c","metadata":{"@type":"type.googleapis.com/google.cloud.functions.v2.OperationMetadata","createTime":"2026-08-01T19:21:54.601594903Z","target":"projects/poruthurstores-1bb74/locations/us-central1/functions/createOrder","verb":"create","cancelRequested":false,"apiVersion":"v2","requestResource":{"@type":"type.googleapis.com/google.cloud.functions.v2.Function","name":"projects/poruthurstores-1bb74/locations/us-central1/functions/createOrder","buildConfig":{"runtime":"nodejs22","entryPoint":"createOrder","source":{"storageSource":{"bucket":"gcf-v2-sources-784163241119-us-central1","object":"createOrder/function-source.zip","generation":"1785612114345135"}},"environmentVariables":{"GOOGLE_NODE_RUN_SCRIPTS":""},"serviceAccount":"projects/poruthurstores-1bb74/serviceAccounts/784163241119-compute@developer.gserviceaccount.com","automaticUpdatePolicy":{}},"serviceConfig":{"service":"projects/poruthurstores-1bb74/locations/us-central1/services/createorder","timeoutSeconds":60,"environmentVariables":{"FIREBASE_CONFIG":"{\"projectId\":\"poruthurstores-1bb74\",\"storageBucket\":\"poruthurstores-1bb74.firebasestorage.app\"}","GCLOUD_PROJECT":"poruthurstores-1bb74","EVENTARC_CLOUD_EVENT_SOURCE":"projects/poruthurstores-1bb74/locations/us-central1/services/createOrder","FUNCTION_REGION":"us-central1","FUNCTION_TARGET":"createOrder","LOG_EXECUTION_ID":"true"},"ingressSettings":"ALLOW_ALL","serviceAccountEmail":"784163241119-compute@developer.gserviceaccount.com","availableMemory":"256Mi","maxInstanceRequestConcurrency":80,"availableCpu":"1"},"labels":{"deployment-tool":"cli-firebase","deployment-callable":"true","firebase-functions-hash":"42b478bc6a4d47cad11577267a996852cc234973"},"environment":"GEN_2"},"stages":[{"name":"BUILD","message":"Build in progress","state":"IN_PROGRESS","resource":"projects/784163241119/locations/us-central1/builds/750e9e0e-d948-4a30-859a-3f3917e8a953","resourceUri":"https://console.cloud.google.com/cloud-build/builds;region=us-central1/750e9e0e-d948-4a30-859a-3f3917e8a953?project=784163241119"},{"name":"SERVICE","state":"NOT_STARTED"}],"operationType":"CREATE_FUNCTION","buildName":"projects/784163241119/locations/us-central1/builds/750e9e0e-d948-4a30-859a-3f3917e8a953"},"done":false}
[debug] [2026-08-01T19:22:16.086Z] [create-default-us-central1-createOrder] Retrying task index 0
[debug] [2026-08-01T19:22:16.087Z] Checked if tokens are valid: true, expires at: 1785615656641
[debug] [2026-08-01T19:22:16.087Z] Checked if tokens are valid: true, expires at: 1785615656641
[debug] [2026-08-01T19:22:16.087Z] >>> [apiv2][query] GET https://cloudfunctions.googleapis.com/v2/projects/poruthurstores-1bb74/locations/us-central1/operations/operation-1785612113145-6580137b5f027-bd66a24f-cf1f4d0c [none]
[debug] [2026-08-01T19:22:17.557Z] <<< [apiv2][status] GET https://cloudfunctions.googleapis.com/v2/projects/poruthurstores-1bb74/locations/us-central1/operations/operation-1785612113145-6580137b5f027-bd66a24f-cf1f4d0c 200
[debug] [2026-08-01T19:22:17.557Z] <<< [apiv2][body] GET https://cloudfunctions.googleapis.com/v2/projects/poruthurstores-1bb74/locations/us-central1/operations/operation-1785612113145-6580137b5f027-bd66a24f-cf1f4d0c {"name":"projects/poruthurstores-1bb74/locations/us-central1/operations/operation-1785612113145-6580137b5f027-bd66a24f-cf1f4d0c","metadata":{"@type":"type.googleapis.com/google.cloud.functions.v2.OperationMetadata","createTime":"2026-08-01T19:21:54.601594903Z","target":"projects/poruthurstores-1bb74/locations/us-central1/functions/createOrder","verb":"create","cancelRequested":false,"apiVersion":"v2","requestResource":{"@type":"type.googleapis.com/google.cloud.functions.v2.Function","name":"projects/poruthurstores-1bb74/locations/us-central1/functions/createOrder","buildConfig":{"runtime":"nodejs22","entryPoint":"createOrder","source":{"storageSource":{"bucket":"gcf-v2-sources-784163241119-us-central1","object":"createOrder/function-source.zip","generation":"1785612114345135"}},"environmentVariables":{"GOOGLE_NODE_RUN_SCRIPTS":""},"serviceAccount":"projects/poruthurstores-1bb74/serviceAccounts/784163241119-compute@developer.gserviceaccount.com","automaticUpdatePolicy":{}},"serviceConfig":{"service":"projects/poruthurstores-1bb74/locations/us-central1/services/createorder","timeoutSeconds":60,"environmentVariables":{"FIREBASE_CONFIG":"{\"projectId\":\"poruthurstores-1bb74\",\"storageBucket\":\"poruthurstores-1bb74.firebasestorage.app\"}","GCLOUD_PROJECT":"poruthurstores-1bb74","EVENTARC_CLOUD_EVENT_SOURCE":"projects/poruthurstores-1bb74/locations/us-central1/services/createOrder","FUNCTION_REGION":"us-central1","FUNCTION_TARGET":"createOrder","LOG_EXECUTION_ID":"true"},"ingressSettings":"ALLOW_ALL","serviceAccountEmail":"784163241119-compute@developer.gserviceaccount.com","availableMemory":"256Mi","maxInstanceRequestConcurrency":80,"availableCpu":"1"},"labels":{"deployment-tool":"cli-firebase","deployment-callable":"true","firebase-functions-hash":"42b478bc6a4d47cad11577267a996852cc234973"},"environment":"GEN_2"},"stages":[{"name":"BUILD","message":"Build in progress","state":"IN_PROGRESS","resource":"projects/784163241119/locations/us-central1/builds/750e9e0e-d948-4a30-859a-3f3917e8a953","resourceUri":"https://console.cloud.google.com/cloud-build/builds;region=us-central1/750e9e0e-d948-4a30-859a-3f3917e8a953?project=784163241119"},{"name":"SERVICE","state":"NOT_STARTED"}],"operationType":"CREATE_FUNCTION","buildName":"projects/784163241119/locations/us-central1/builds/750e9e0e-d948-4a30-859a-3f3917e8a953"},"done":false}
[debug] [2026-08-01T19:22:27.571Z] [create-default-us-central1-createOrder] Retrying task index 0
[debug] [2026-08-01T19:22:27.572Z] Checked if tokens are valid: true, expires at: 1785615656641
[debug] [2026-08-01T19:22:27.572Z] Checked if tokens are valid: true, expires at: 1785615656641
[debug] [2026-08-01T19:22:27.572Z] >>> [apiv2][query] GET https://cloudfunctions.googleapis.com/v2/projects/poruthurstores-1bb74/locations/us-central1/operations/operation-1785612113145-6580137b5f027-bd66a24f-cf1f4d0c [none]
[debug] [2026-08-01T19:22:29.100Z] <<< [apiv2][status] GET https://cloudfunctions.googleapis.com/v2/projects/poruthurstores-1bb74/locations/us-central1/operations/operation-1785612113145-6580137b5f027-bd66a24f-cf1f4d0c 200
[debug] [2026-08-01T19:22:29.100Z] <<< [apiv2][body] GET https://cloudfunctions.googleapis.com/v2/projects/poruthurstores-1bb74/locations/us-central1/operations/operation-1785612113145-6580137b5f027-bd66a24f-cf1f4d0c {"name":"projects/poruthurstores-1bb74/locations/us-central1/operations/operation-1785612113145-6580137b5f027-bd66a24f-cf1f4d0c","metadata":{"@type":"type.googleapis.com/google.cloud.functions.v2.OperationMetadata","createTime":"2026-08-01T19:21:54.601594903Z","target":"projects/poruthurstores-1bb74/locations/us-central1/functions/createOrder","verb":"create","cancelRequested":false,"apiVersion":"v2","requestResource":{"@type":"type.googleapis.com/google.cloud.functions.v2.Function","name":"projects/poruthurstores-1bb74/locations/us-central1/functions/createOrder","buildConfig":{"runtime":"nodejs22","entryPoint":"createOrder","source":{"storageSource":{"bucket":"gcf-v2-sources-784163241119-us-central1","object":"createOrder/function-source.zip","generation":"1785612114345135"}},"environmentVariables":{"GOOGLE_NODE_RUN_SCRIPTS":""},"serviceAccount":"projects/poruthurstores-1bb74/serviceAccounts/784163241119-compute@developer.gserviceaccount.com","automaticUpdatePolicy":{}},"serviceConfig":{"service":"projects/poruthurstores-1bb74/locations/us-central1/services/createorder","timeoutSeconds":60,"environmentVariables":{"FIREBASE_CONFIG":"{\"projectId\":\"poruthurstores-1bb74\",\"storageBucket\":\"poruthurstores-1bb74.firebasestorage.app\"}","GCLOUD_PROJECT":"poruthurstores-1bb74","EVENTARC_CLOUD_EVENT_SOURCE":"projects/poruthurstores-1bb74/locations/us-central1/services/createOrder","FUNCTION_REGION":"us-central1","FUNCTION_TARGET":"createOrder","LOG_EXECUTION_ID":"true"},"ingressSettings":"ALLOW_ALL","serviceAccountEmail":"784163241119-compute@developer.gserviceaccount.com","availableMemory":"256Mi","maxInstanceRequestConcurrency":80,"availableCpu":"1"},"labels":{"deployment-tool":"cli-firebase","deployment-callable":"true","firebase-functions-hash":"42b478bc6a4d47cad11577267a996852cc234973"},"environment":"GEN_2"},"stages":[{"name":"BUILD","message":"Build in progress","state":"IN_PROGRESS","resource":"projects/784163241119/locations/us-central1/builds/750e9e0e-d948-4a30-859a-3f3917e8a953","resourceUri":"https://console.cloud.google.com/cloud-build/builds;region=us-central1/750e9e0e-d948-4a30-859a-3f3917e8a953?project=784163241119"},{"name":"SERVICE","state":"NOT_STARTED"}],"operationType":"CREATE_FUNCTION","buildName":"projects/784163241119/locations/us-central1/builds/750e9e0e-d948-4a30-859a-3f3917e8a953"},"done":false}
[debug] [2026-08-01T19:22:39.106Z] [create-default-us-central1-createOrder] Retrying task index 0
[debug] [2026-08-01T19:22:39.107Z] Checked if tokens are valid: true, expires at: 1785615656641
[debug] [2026-08-01T19:22:39.107Z] Checked if tokens are valid: true, expires at: 1785615656641
[debug] [2026-08-01T19:22:39.107Z] >>> [apiv2][query] GET https://cloudfunctions.googleapis.com/v2/projects/poruthurstores-1bb74/locations/us-central1/operations/operation-1785612113145-6580137b5f027-bd66a24f-cf1f4d0c [none]
[debug] [2026-08-01T19:22:40.721Z] <<< [apiv2][status] GET https://cloudfunctions.googleapis.com/v2/projects/poruthurstores-1bb74/locations/us-central1/operations/operation-1785612113145-6580137b5f027-bd66a24f-cf1f4d0c 200
[debug] [2026-08-01T19:22:40.721Z] <<< [apiv2][body] GET https://cloudfunctions.googleapis.com/v2/projects/poruthurstores-1bb74/locations/us-central1/operations/operation-1785612113145-6580137b5f027-bd66a24f-cf1f4d0c {"name":"projects/poruthurstores-1bb74/locations/us-central1/operations/operation-1785612113145-6580137b5f027-bd66a24f-cf1f4d0c","metadata":{"@type":"type.googleapis.com/google.cloud.functions.v2.OperationMetadata","createTime":"2026-08-01T19:21:54.601594903Z","target":"projects/poruthurstores-1bb74/locations/us-central1/functions/createOrder","verb":"create","cancelRequested":false,"apiVersion":"v2","requestResource":{"@type":"type.googleapis.com/google.cloud.functions.v2.Function","name":"projects/poruthurstores-1bb74/locations/us-central1/functions/createOrder","buildConfig":{"runtime":"nodejs22","entryPoint":"createOrder","source":{"storageSource":{"bucket":"gcf-v2-sources-784163241119-us-central1","object":"createOrder/function-source.zip","generation":"1785612114345135"}},"environmentVariables":{"GOOGLE_NODE_RUN_SCRIPTS":""},"serviceAccount":"projects/poruthurstores-1bb74/serviceAccounts/784163241119-compute@developer.gserviceaccount.com","automaticUpdatePolicy":{}},"serviceConfig":{"service":"projects/poruthurstores-1bb74/locations/us-central1/services/createorder","timeoutSeconds":60,"environmentVariables":{"FIREBASE_CONFIG":"{\"projectId\":\"poruthurstores-1bb74\",\"storageBucket\":\"poruthurstores-1bb74.firebasestorage.app\"}","GCLOUD_PROJECT":"poruthurstores-1bb74","EVENTARC_CLOUD_EVENT_SOURCE":"projects/poruthurstores-1bb74/locations/us-central1/services/createOrder","FUNCTION_REGION":"us-central1","FUNCTION_TARGET":"createOrder","LOG_EXECUTION_ID":"true"},"ingressSettings":"ALLOW_ALL","serviceAccountEmail":"784163241119-compute@developer.gserviceaccount.com","availableMemory":"256Mi","maxInstanceRequestConcurrency":80,"availableCpu":"1"},"labels":{"deployment-tool":"cli-firebase","deployment-callable":"true","firebase-functions-hash":"42b478bc6a4d47cad11577267a996852cc234973"},"environment":"GEN_2"},"stages":[{"name":"BUILD","message":"Build in progress","state":"IN_PROGRESS","resource":"projects/784163241119/locations/us-central1/builds/750e9e0e-d948-4a30-859a-3f3917e8a953","resourceUri":"https://console.cloud.google.com/cloud-build/builds;region=us-central1/750e9e0e-d948-4a30-859a-3f3917e8a953?project=784163241119"},{"name":"SERVICE","state":"NOT_STARTED"}],"operationType":"CREATE_FUNCTION","buildName":"projects/784163241119/locations/us-central1/builds/750e9e0e-d948-4a30-859a-3f3917e8a953"},"done":false}
[debug] [2026-08-01T19:22:50.744Z] [create-default-us-central1-createOrder] Retrying task index 0
[debug] [2026-08-01T19:22:50.744Z] Checked if tokens are valid: true, expires at: 1785615656641
[debug] [2026-08-01T19:22:50.744Z] Checked if tokens are valid: true, expires at: 1785615656641
[debug] [2026-08-01T19:22:50.745Z] >>> [apiv2][query] GET https://cloudfunctions.googleapis.com/v2/projects/poruthurstores-1bb74/locations/us-central1/operations/operation-1785612113145-6580137b5f027-bd66a24f-cf1f4d0c [none]
[debug] [2026-08-01T19:22:52.222Z] <<< [apiv2][status] GET https://cloudfunctions.googleapis.com/v2/projects/poruthurstores-1bb74/locations/us-central1/operations/operation-1785612113145-6580137b5f027-bd66a24f-cf1f4d0c 200
[debug] [2026-08-01T19:22:52.222Z] <<< [apiv2][body] GET https://cloudfunctions.googleapis.com/v2/projects/poruthurstores-1bb74/locations/us-central1/operations/operation-1785612113145-6580137b5f027-bd66a24f-cf1f4d0c {"name":"projects/poruthurstores-1bb74/locations/us-central1/operations/operation-1785612113145-6580137b5f027-bd66a24f-cf1f4d0c","metadata":{"@type":"type.googleapis.com/google.cloud.functions.v2.OperationMetadata","createTime":"2026-08-01T19:21:54.601594903Z","endTime":"2026-08-01T19:22:47.057715874Z","target":"projects/poruthurstores-1bb74/locations/us-central1/functions/createOrder","verb":"create","cancelRequested":false,"apiVersion":"v2","requestResource":{"@type":"type.googleapis.com/google.cloud.functions.v2.Function","name":"projects/poruthurstores-1bb74/locations/us-central1/functions/createOrder","buildConfig":{"runtime":"nodejs22","entryPoint":"createOrder","source":{"storageSource":{"bucket":"gcf-v2-sources-784163241119-us-central1","object":"createOrder/function-source.zip","generation":"1785612114345135"}},"environmentVariables":{"GOOGLE_NODE_RUN_SCRIPTS":""},"serviceAccount":"projects/poruthurstores-1bb74/serviceAccounts/784163241119-compute@developer.gserviceaccount.com","automaticUpdatePolicy":{}},"serviceConfig":{"service":"projects/poruthurstores-1bb74/locations/us-central1/services/createorder","timeoutSeconds":60,"environmentVariables":{"FIREBASE_CONFIG":"{\"projectId\":\"poruthurstores-1bb74\",\"storageBucket\":\"poruthurstores-1bb74.firebasestorage.app\"}","GCLOUD_PROJECT":"poruthurstores-1bb74","EVENTARC_CLOUD_EVENT_SOURCE":"projects/poruthurstores-1bb74/locations/us-central1/services/createOrder","FUNCTION_REGION":"us-central1","FUNCTION_TARGET":"createOrder","LOG_EXECUTION_ID":"true"},"ingressSettings":"ALLOW_ALL","serviceAccountEmail":"784163241119-compute@developer.gserviceaccount.com","availableMemory":"256Mi","maxInstanceRequestConcurrency":80,"availableCpu":"1"},"labels":{"deployment-tool":"cli-firebase","deployment-callable":"true","firebase-functions-hash":"42b478bc6a4d47cad11577267a996852cc234973"},"environment":"GEN_2"},"stages":[{"name":"ARTIFACT_REGISTRY","message":"Deleting function artifacts in Artifact Registry","state":"COMPLETE"},{"name":"SERVICE","message":"Deleting Cloud Run service","state":"COMPLETE","resource":"projects/poruthurstores-1bb74/locations/us-central1/services/createorder"}],"operationType":"CREATE_FUNCTION"},"done":true,"error":{"code":3,"message":"Build failed with status: FAILURE and message: npm error code EUSAGE\nnpm error\nnpm error `npm ci` can only install packages when your package.json and package-lock.json or npm-shrinkwrap.json are in sync. Please update your lock file with `npm install` before continuing.\nnpm error\nnpm error Missing: @emnapi/core@2.0.0-alpha.3 from lock file\nnpm error Missing: @emnapi/runtime@2.0.0-alpha.3 from lock file\nnpm error\nnpm error Clean install a project\nnpm error\nnpm error Usage:\nnpm error npm ci\nnpm error\nnpm error Options:\nnpm error [--install-strategy <hoisted|nested|shallow|linked>] [--legacy-bundling]\nnpm error [--global-style] [--omit <dev|optional|peer> [--omit <dev|optional|peer> ...]]\nnpm error [--include <prod|dev|optional|peer> [--include <prod|dev|optional|peer> ...]]\nnpm error [--strict-peer-deps] [--foreground-scripts] [--ignore-scripts] [--no-audit]\nnpm error [--no-bin-links] [--no-fund] [--dry-run]\nnpm error [-w|--workspace <workspace-name> [-w|--workspace <workspace-name> ...]]\nnpm error [-ws|--workspaces] [--include-workspace-root] [--install-links]\nnpm error\nnpm error aliases: clean-install, ic, install-clean, isntall-clean\nnpm error\nnpm error Run \"npm help ci\" for more info\nnpm error A complete log of this run can be found in: /www-data-home/.npm/_logs/2026-08-01T19_22_22_058Z-debug-0.log. For more details see the logs at https://console.cloud.google.com/cloud-build/builds;region=us-central1/750e9e0e-d948-4a30-859a-3f3917e8a953?project=784163241119."}}
[debug] [2026-08-01T19:22:52.222Z] Got source token undefined for region us-central1
[debug] [2026-08-01T19:22:52.223Z] Checked if tokens are valid: true, expires at: 1785615656641
[debug] [2026-08-01T19:22:52.223Z] Checked if tokens are valid: true, expires at: 1785615656641
[debug] [2026-08-01T19:22:52.223Z] >>> [apiv2][query] POST https://cloudfunctions.googleapis.com/v2/projects/poruthurstores-1bb74/locations/us-central1/functions functionId=cancelOrder
[debug] [2026-08-01T19:22:52.223Z] >>> [apiv2][body] POST https://cloudfunctions.googleapis.com/v2/projects/poruthurstores-1bb74/locations/us-central1/functions {"name":"projects/poruthurstores-1bb74/locations/us-central1/functions/cancelOrder","buildConfig":{"runtime":"nodejs22","entryPoint":"cancelOrder","source":{"storageSource":{"bucket":"gcf-v2-uploads-784163241119.us-central1.cloudfunctions.appspot.com","object":"805dfe40-0245-4b11-8428-3ae56c92b3de.zip"}},"environmentVariables":{"GOOGLE_NODE_RUN_SCRIPTS":""}},"serviceConfig":{"environmentVariables":{"FIREBASE_CONFIG":"{\"projectId\":\"poruthurstores-1bb74\",\"storageBucket\":\"poruthurstores-1bb74.firebasestorage.app\"}","GCLOUD_PROJECT":"poruthurstores-1bb74","EVENTARC_CLOUD_EVENT_SOURCE":"projects/poruthurstores-1bb74/locations/us-central1/services/cancelOrder","FUNCTION_REGION":"us-central1","FUNCTION_TARGET":"cancelOrder","LOG_EXECUTION_ID":"true"},"ingressSettings":null,"timeoutSeconds":null,"serviceAccountEmail":null,"availableMemory":"256Mi","minInstanceCount":null,"maxInstanceCount":null,"maxInstanceRequestConcurrency":80,"availableCpu":"1","vpcConnector":null,"vpcConnectorEgressSettings":null,"directVpcNetworkInterface":null,"directVpcEgress":null},"labels":{"deployment-tool":"cli-firebase","deployment-callable":"true","firebase-functions-hash":"42b478bc6a4d47cad11577267a996852cc234973"}}
[error] Build failed with status: FAILURE and message: npm error code EUSAGE
npm error
npm error `npm ci` can only install packages when your package.json and package-lock.json or npm-shrinkwrap.json are in sync. Please update your lock file with `npm install` before continuing.
npm error
npm error Missing: @emnapi/core@2.0.0-alpha.3 from lock file
npm error Missing: @emnapi/runtime@2.0.0-alpha.3 from lock file
npm error
npm error Clean install a project
npm error
npm error Usage:
npm error npm ci
npm error
npm error Options:
npm error [--install-strategy <hoisted|nested|shallow|linked>] [--legacy-bundling]
npm error [--global-style] [--omit <dev|optional|peer> [--omit <dev|optional|peer> ...]]
npm error [--include <prod|dev|optional|peer> [--include <prod|dev|optional|peer> ...]]
npm error [--strict-peer-deps] [--foreground-scripts] [--ignore-scripts] [--no-audit]
npm error [--no-bin-links] [--no-fund] [--dry-run]
npm error [-w|--workspace <workspace-name> [-w|--workspace <workspace-name> ...]]
npm error [-ws|--workspaces] [--include-workspace-root] [--install-links]
npm error
npm error aliases: clean-install, ic, install-clean, isntall-clean
npm error
npm error Run "npm help ci" for more info
npm error A complete log of this run can be found in: /www-data-home/.npm/_logs/2026-08-01T19_22_22_058Z-debug-0.log. For more details see the logs at https://console.cloud.google.com/cloud-build/builds;region=us-central1/750e9e0e-d948-4a30-859a-3f3917e8a953?project=784163241119.
[debug] [2026-08-01T19:22:54.101Z] <<< [apiv2][status] POST https://cloudfunctions.googleapis.com/v2/projects/poruthurstores-1bb74/locations/us-central1/functions 200
[debug] [2026-08-01T19:22:54.102Z] <<< [apiv2][body] POST https://cloudfunctions.googleapis.com/v2/projects/poruthurstores-1bb74/locations/us-central1/functions {"name":"projects/poruthurstores-1bb74/locations/us-central1/operations/operation-1785612174685-658013b60f72e-c8df82b0-a0256469","metadata":{"@type":"type.googleapis.com/google.cloud.functions.v2.OperationMetadata","createTime":"2026-08-01T19:22:55.212971260Z","target":"projects/poruthurstores-1bb74/locations/us-central1/functions/cancelOrder","verb":"create","cancelRequested":false,"apiVersion":"v2"},"done":false}
[debug] [2026-08-01T19:22:54.102Z] Checked if tokens are valid: true, expires at: 1785615656641
[debug] [2026-08-01T19:22:54.102Z] Checked if tokens are valid: true, expires at: 1785615656641
[debug] [2026-08-01T19:22:54.102Z] >>> [apiv2][query] GET https://cloudfunctions.googleapis.com/v2/projects/poruthurstores-1bb74/locations/us-central1/operations/operation-1785612174685-658013b60f72e-c8df82b0-a0256469 [none]
[debug] [2026-08-01T19:22:55.543Z] <<< [apiv2][status] GET https://cloudfunctions.googleapis.com/v2/projects/poruthurstores-1bb74/locations/us-central1/operations/operation-1785612174685-658013b60f72e-c8df82b0-a0256469 200
[debug] [2026-08-01T19:22:55.543Z] <<< [apiv2][body] GET https://cloudfunctions.googleapis.com/v2/projects/poruthurstores-1bb74/locations/us-central1/operations/operation-1785612174685-658013b60f72e-c8df82b0-a0256469 {"name":"projects/poruthurstores-1bb74/locations/us-central1/operations/operation-1785612174685-658013b60f72e-c8df82b0-a0256469","metadata":{"@type":"type.googleapis.com/google.cloud.functions.v2.OperationMetadata","createTime":"2026-08-01T19:22:55.212971260Z","target":"projects/poruthurstores-1bb74/locations/us-central1/functions/cancelOrder","verb":"create","cancelRequested":false,"apiVersion":"v2","requestResource":{"@type":"type.googleapis.com/google.cloud.functions.v2.Function","name":"projects/poruthurstores-1bb74/locations/us-central1/functions/cancelOrder","buildConfig":{"runtime":"nodejs22","entryPoint":"cancelOrder","source":{"storageSource":{"bucket":"gcf-v2-sources-784163241119-us-central1","object":"cancelOrder/function-source.zip","generation":"1785612174966063"}},"environmentVariables":{"GOOGLE_NODE_RUN_SCRIPTS":""},"serviceAccount":"projects/poruthurstores-1bb74/serviceAccounts/784163241119-compute@developer.gserviceaccount.com","automaticUpdatePolicy":{}},"serviceConfig":{"service":"projects/poruthurstores-1bb74/locations/us-central1/services/cancelorder","timeoutSeconds":60,"environmentVariables":{"FIREBASE_CONFIG":"{\"projectId\":\"poruthurstores-1bb74\",\"storageBucket\":\"poruthurstores-1bb74.firebasestorage.app\"}","GCLOUD_PROJECT":"poruthurstores-1bb74","EVENTARC_CLOUD_EVENT_SOURCE":"projects/poruthurstores-1bb74/locations/us-central1/services/cancelOrder","FUNCTION_REGION":"us-central1","FUNCTION_TARGET":"cancelOrder","LOG_EXECUTION_ID":"true"},"ingressSettings":"ALLOW_ALL","serviceAccountEmail":"784163241119-compute@developer.gserviceaccount.com","availableMemory":"256Mi","maxInstanceRequestConcurrency":80,"availableCpu":"1"},"labels":{"deployment-tool":"cli-firebase","deployment-callable":"true","firebase-functions-hash":"42b478bc6a4d47cad11577267a996852cc234973"},"environment":"GEN_2"},"stages":[{"name":"BUILD","message":"Build in progress","state":"IN_PROGRESS","resource":"projects/784163241119/locations/us-central1/builds/72538894-894d-4b8a-bae1-7351204da5e8","resourceUri":"https://console.cloud.google.com/cloud-build/builds;region=us-central1/72538894-894d-4b8a-bae1-7351204da5e8?project=784163241119"},{"name":"SERVICE","state":"NOT_STARTED"}],"operationType":"CREATE_FUNCTION","buildName":"projects/784163241119/locations/us-central1/builds/72538894-894d-4b8a-bae1-7351204da5e8"},"done":false}
[debug] [2026-08-01T19:22:56.044Z] [create-default-us-central1-cancelOrder] Retrying task index 0
[debug] [2026-08-01T19:22:56.044Z] Checked if tokens are valid: true, expires at: 1785615656641
[debug] [2026-08-01T19:22:56.044Z] Checked if tokens are valid: true, expires at: 1785615656641
[debug] [2026-08-01T19:22:56.044Z] >>> [apiv2][query] GET https://cloudfunctions.googleapis.com/v2/projects/poruthurstores-1bb74/locations/us-central1/operations/operation-1785612174685-658013b60f72e-c8df82b0-a0256469 [none]
[debug] [2026-08-01T19:22:57.613Z] <<< [apiv2][status] GET https://cloudfunctions.googleapis.com/v2/projects/poruthurstores-1bb74/locations/us-central1/operations/operation-1785612174685-658013b60f72e-c8df82b0-a0256469 200
[debug] [2026-08-01T19:22:57.613Z] <<< [apiv2][body] GET https://cloudfunctions.googleapis.com/v2/projects/poruthurstores-1bb74/locations/us-central1/operations/operation-1785612174685-658013b60f72e-c8df82b0-a0256469 {"name":"projects/poruthurstores-1bb74/locations/us-central1/operations/operation-1785612174685-658013b60f72e-c8df82b0-a0256469","metadata":{"@type":"type.googleapis.com/google.cloud.functions.v2.OperationMetadata","createTime":"2026-08-01T19:22:55.212971260Z","target":"projects/poruthurstores-1bb74/locations/us-central1/functions/cancelOrder","verb":"create","cancelRequested":false,"apiVersion":"v2","requestResource":{"@type":"type.googleapis.com/google.cloud.functions.v2.Function","name":"projects/poruthurstores-1bb74/locations/us-central1/functions/cancelOrder","buildConfig":{"runtime":"nodejs22","entryPoint":"cancelOrder","source":{"storageSource":{"bucket":"gcf-v2-sources-784163241119-us-central1","object":"cancelOrder/function-source.zip","generation":"1785612174966063"}},"environmentVariables":{"GOOGLE_NODE_RUN_SCRIPTS":""},"serviceAccount":"projects/poruthurstores-1bb74/serviceAccounts/784163241119-compute@developer.gserviceaccount.com","automaticUpdatePolicy":{}},"serviceConfig":{"service":"projects/poruthurstores-1bb74/locations/us-central1/services/cancelorder","timeoutSeconds":60,"environmentVariables":{"FIREBASE_CONFIG":"{\"projectId\":\"poruthurstores-1bb74\",\"storageBucket\":\"poruthurstores-1bb74.firebasestorage.app\"}","GCLOUD_PROJECT":"poruthurstores-1bb74","EVENTARC_CLOUD_EVENT_SOURCE":"projects/poruthurstores-1bb74/locations/us-central1/services/cancelOrder","FUNCTION_REGION":"us-central1","FUNCTION_TARGET":"cancelOrder","LOG_EXECUTION_ID":"true"},"ingressSettings":"ALLOW_ALL","serviceAccountEmail":"784163241119-compute@developer.gserviceaccount.com","availableMemory":"256Mi","maxInstanceRequestConcurrency":80,"availableCpu":"1"},"labels":{"deployment-tool":"cli-firebase","deployment-callable":"true","firebase-functions-hash":"42b478bc6a4d47cad11577267a996852cc234973"},"environment":"GEN_2"},"stages":[{"name":"BUILD","message":"Build in progress","state":"IN_PROGRESS","resource":"projects/784163241119/locations/us-central1/builds/72538894-894d-4b8a-bae1-7351204da5e8","resourceUri":"https://console.cloud.google.com/cloud-build/builds;region=us-central1/72538894-894d-4b8a-bae1-7351204da5e8?project=784163241119"},{"name":"SERVICE","state":"NOT_STARTED"}],"operationType":"CREATE_FUNCTION","buildName":"projects/784163241119/locations/us-central1/builds/72538894-894d-4b8a-bae1-7351204da5e8"},"done":false}
[debug] [2026-08-01T19:22:58.615Z] [create-default-us-central1-cancelOrder] Retrying task index 0
[debug] [2026-08-01T19:22:58.616Z] Checked if tokens are valid: true, expires at: 1785615656641
[debug] [2026-08-01T19:22:58.616Z] Checked if tokens are valid: true, expires at: 1785615656641
[debug] [2026-08-01T19:22:58.616Z] >>> [apiv2][query] GET https://cloudfunctions.googleapis.com/v2/projects/poruthurstores-1bb74/locations/us-central1/operations/operation-1785612174685-658013b60f72e-c8df82b0-a0256469 [none]
[debug] [2026-08-01T19:22:58.957Z] <<< [apiv2][status] GET https://cloudfunctions.googleapis.com/v2/projects/poruthurstores-1bb74/locations/us-central1/operations/operation-1785612174685-658013b60f72e-c8df82b0-a0256469 200
[debug] [2026-08-01T19:22:58.958Z] <<< [apiv2][body] GET https://cloudfunctions.googleapis.com/v2/projects/poruthurstores-1bb74/locations/us-central1/operations/operation-1785612174685-658013b60f72e-c8df82b0-a0256469 {"name":"projects/poruthurstores-1bb74/locations/us-central1/operations/operation-1785612174685-658013b60f72e-c8df82b0-a0256469","metadata":{"@type":"type.googleapis.com/google.cloud.functions.v2.OperationMetadata","createTime":"2026-08-01T19:22:55.212971260Z","target":"projects/poruthurstores-1bb74/locations/us-central1/functions/cancelOrder","verb":"create","cancelRequested":false,"apiVersion":"v2","requestResource":{"@type":"type.googleapis.com/google.cloud.functions.v2.Function","name":"projects/poruthurstores-1bb74/locations/us-central1/functions/cancelOrder","buildConfig":{"runtime":"nodejs22","entryPoint":"cancelOrder","source":{"storageSource":{"bucket":"gcf-v2-sources-784163241119-us-central1","object":"cancelOrder/function-source.zip","generation":"1785612174966063"}},"environmentVariables":{"GOOGLE_NODE_RUN_SCRIPTS":""},"serviceAccount":"projects/poruthurstores-1bb74/serviceAccounts/784163241119-compute@developer.gserviceaccount.com","automaticUpdatePolicy":{}},"serviceConfig":{"service":"projects/poruthurstores-1bb74/locations/us-central1/services/cancelorder","timeoutSeconds":60,"environmentVariables":{"FIREBASE_CONFIG":"{\"projectId\":\"poruthurstores-1bb74\",\"storageBucket\":\"poruthurstores-1bb74.firebasestorage.app\"}","GCLOUD_PROJECT":"poruthurstores-1bb74","EVENTARC_CLOUD_EVENT_SOURCE":"projects/poruthurstores-1bb74/locations/us-central1/services/cancelOrder","FUNCTION_REGION":"us-central1","FUNCTION_TARGET":"cancelOrder","LOG_EXECUTION_ID":"true"},"ingressSettings":"ALLOW_ALL","serviceAccountEmail":"784163241119-compute@developer.gserviceaccount.com","availableMemory":"256Mi","maxInstanceRequestConcurrency":80,"availableCpu":"1"},"labels":{"deployment-tool":"cli-firebase","deployment-callable":"true","firebase-functions-hash":"42b478bc6a4d47cad11577267a996852cc234973"},"environment":"GEN_2"},"stages":[{"name":"BUILD","message":"Build in progress","state":"IN_PROGRESS","resource":"projects/784163241119/locations/us-central1/builds/72538894-894d-4b8a-bae1-7351204da5e8","resourceUri":"https://console.cloud.google.com/cloud-build/builds;region=us-central1/72538894-894d-4b8a-bae1-7351204da5e8?project=784163241119"},{"name":"SERVICE","state":"NOT_STARTED"}],"operationType":"CREATE_FUNCTION","buildName":"projects/784163241119/locations/us-central1/builds/72538894-894d-4b8a-bae1-7351204da5e8"},"done":false}
[debug] [2026-08-01T19:23:00.970Z] [create-default-us-central1-cancelOrder] Retrying task index 0
[debug] [2026-08-01T19:23:00.971Z] Checked if tokens are valid: true, expires at: 1785615656641
[debug] [2026-08-01T19:23:00.971Z] Checked if tokens are valid: true, expires at: 1785615656641
[debug] [2026-08-01T19:23:00.971Z] >>> [apiv2][query] GET https://cloudfunctions.googleapis.com/v2/projects/poruthurstores-1bb74/locations/us-central1/operations/operation-1785612174685-658013b60f72e-c8df82b0-a0256469 [none]
[debug] [2026-08-01T19:23:02.567Z] <<< [apiv2][status] GET https://cloudfunctions.googleapis.com/v2/projects/poruthurstores-1bb74/locations/us-central1/operations/operation-1785612174685-658013b60f72e-c8df82b0-a0256469 200
[debug] [2026-08-01T19:23:02.567Z] <<< [apiv2][body] GET https://cloudfunctions.googleapis.com/v2/projects/poruthurstores-1bb74/locations/us-central1/operations/operation-1785612174685-658013b60f72e-c8df82b0-a0256469 {"name":"projects/poruthurstores-1bb74/locations/us-central1/operations/operation-1785612174685-658013b60f72e-c8df82b0-a0256469","metadata":{"@type":"type.googleapis.com/google.cloud.functions.v2.OperationMetadata","createTime":"2026-08-01T19:22:55.212971260Z","target":"projects/poruthurstores-1bb74/locations/us-central1/functions/cancelOrder","verb":"create","cancelRequested":false,"apiVersion":"v2","requestResource":{"@type":"type.googleapis.com/google.cloud.functions.v2.Function","name":"projects/poruthurstores-1bb74/locations/us-central1/functions/cancelOrder","buildConfig":{"runtime":"nodejs22","entryPoint":"cancelOrder","source":{"storageSource":{"bucket":"gcf-v2-sources-784163241119-us-central1","object":"cancelOrder/function-source.zip","generation":"1785612174966063"}},"environmentVariables":{"GOOGLE_NODE_RUN_SCRIPTS":""},"serviceAccount":"projects/poruthurstores-1bb74/serviceAccounts/784163241119-compute@developer.gserviceaccount.com","automaticUpdatePolicy":{}},"serviceConfig":{"service":"projects/poruthurstores-1bb74/locations/us-central1/services/cancelorder","timeoutSeconds":60,"environmentVariables":{"FIREBASE_CONFIG":"{\"projectId\":\"poruthurstores-1bb74\",\"storageBucket\":\"poruthurstores-1bb74.firebasestorage.app\"}","GCLOUD_PROJECT":"poruthurstores-1bb74","EVENTARC_CLOUD_EVENT_SOURCE":"projects/poruthurstores-1bb74/locations/us-central1/services/cancelOrder","FUNCTION_REGION":"us-central1","FUNCTION_TARGET":"cancelOrder","LOG_EXECUTION_ID":"true"},"ingressSettings":"ALLOW_ALL","serviceAccountEmail":"784163241119-compute@developer.gserviceaccount.com","availableMemory":"256Mi","maxInstanceRequestConcurrency":80,"availableCpu":"1"},"labels":{"deployment-tool":"cli-firebase","deployment-callable":"true","firebase-functions-hash":"42b478bc6a4d47cad11577267a996852cc234973"},"environment":"GEN_2"},"stages":[{"name":"BUILD","message":"Build in progress","state":"IN_PROGRESS","resource":"projects/784163241119/locations/us-central1/builds/72538894-894d-4b8a-bae1-7351204da5e8","resourceUri":"https://console.cloud.google.com/cloud-build/builds;region=us-central1/72538894-894d-4b8a-bae1-7351204da5e8?project=784163241119"},{"name":"SERVICE","state":"NOT_STARTED"}],"operationType":"CREATE_FUNCTION","buildName":"projects/784163241119/locations/us-central1/builds/72538894-894d-4b8a-bae1-7351204da5e8"},"done":false}
[debug] [2026-08-01T19:23:06.579Z] [create-default-us-central1-cancelOrder] Retrying task index 0
[debug] [2026-08-01T19:23:06.580Z] Checked if tokens are valid: true, expires at: 1785615656641
[debug] [2026-08-01T19:23:06.580Z] Checked if tokens are valid: true, expires at: 1785615656641
[debug] [2026-08-01T19:23:06.580Z] >>> [apiv2][query] GET https://cloudfunctions.googleapis.com/v2/projects/poruthurstores-1bb74/locations/us-central1/operations/operation-1785612174685-658013b60f72e-c8df82b0-a0256469 [none]
[debug] [2026-08-01T19:23:08.131Z] <<< [apiv2][status] GET https://cloudfunctions.googleapis.com/v2/projects/poruthurstores-1bb74/locations/us-central1/operations/operation-1785612174685-658013b60f72e-c8df82b0-a0256469 200
[debug] [2026-08-01T19:23:08.131Z] <<< [apiv2][body] GET https://cloudfunctions.googleapis.com/v2/projects/poruthurstores-1bb74/locations/us-central1/operations/operation-1785612174685-658013b60f72e-c8df82b0-a0256469 {"name":"projects/poruthurstores-1bb74/locations/us-central1/operations/operation-1785612174685-658013b60f72e-c8df82b0-a0256469","metadata":{"@type":"type.googleapis.com/google.cloud.functions.v2.OperationMetadata","createTime":"2026-08-01T19:22:55.212971260Z","target":"projects/poruthurstores-1bb74/locations/us-central1/functions/cancelOrder","verb":"create","cancelRequested":false,"apiVersion":"v2","requestResource":{"@type":"type.googleapis.com/google.cloud.functions.v2.Function","name":"projects/poruthurstores-1bb74/locations/us-central1/functions/cancelOrder","buildConfig":{"runtime":"nodejs22","entryPoint":"cancelOrder","source":{"storageSource":{"bucket":"gcf-v2-sources-784163241119-us-central1","object":"cancelOrder/function-source.zip","generation":"1785612174966063"}},"environmentVariables":{"GOOGLE_NODE_RUN_SCRIPTS":""},"serviceAccount":"projects/poruthurstores-1bb74/serviceAccounts/784163241119-compute@developer.gserviceaccount.com","automaticUpdatePolicy":{}},"serviceConfig":{"service":"projects/poruthurstores-1bb74/locations/us-central1/services/cancelorder","timeoutSeconds":60,"environmentVariables":{"FIREBASE_CONFIG":"{\"projectId\":\"poruthurstores-1bb74\",\"storageBucket\":\"poruthurstores-1bb74.firebasestorage.app\"}","GCLOUD_PROJECT":"poruthurstores-1bb74","EVENTARC_CLOUD_EVENT_SOURCE":"projects/poruthurstores-1bb74/locations/us-central1/services/cancelOrder","FUNCTION_REGION":"us-central1","FUNCTION_TARGET":"cancelOrder","LOG_EXECUTION_ID":"true"},"ingressSettings":"ALLOW_ALL","serviceAccountEmail":"784163241119-compute@developer.gserviceaccount.com","availableMemory":"256Mi","maxInstanceRequestConcurrency":80,"availableCpu":"1"},"labels":{"deployment-tool":"cli-firebase","deployment-callable":"true","firebase-functions-hash":"42b478bc6a4d47cad11577267a996852cc234973"},"environment":"GEN_2"},"stages":[{"name":"BUILD","message":"Build in progress","state":"IN_PROGRESS","resource":"projects/784163241119/locations/us-central1/builds/72538894-894d-4b8a-bae1-7351204da5e8","resourceUri":"https://console.cloud.google.com/cloud-build/builds;region=us-central1/72538894-894d-4b8a-bae1-7351204da5e8?project=784163241119"},{"name":"SERVICE","state":"NOT_STARTED"}],"operationType":"CREATE_FUNCTION","buildName":"projects/784163241119/locations/us-central1/builds/72538894-894d-4b8a-bae1-7351204da5e8"},"done":false}
[debug] [2026-08-01T19:23:16.144Z] [create-default-us-central1-cancelOrder] Retrying task index 0
[debug] [2026-08-01T19:23:16.144Z] Checked if tokens are valid: true, expires at: 1785615656641
[debug] [2026-08-01T19:23:16.144Z] Checked if tokens are valid: true, expires at: 1785615656641
[debug] [2026-08-01T19:23:16.145Z] >>> [apiv2][query] GET https://cloudfunctions.googleapis.com/v2/projects/poruthurstores-1bb74/locations/us-central1/operations/operation-1785612174685-658013b60f72e-c8df82b0-a0256469 [none]
[debug] [2026-08-01T19:23:19.004Z] <<< [apiv2][status] GET https://cloudfunctions.googleapis.com/v2/projects/poruthurstores-1bb74/locations/us-central1/operations/operation-1785612174685-658013b60f72e-c8df82b0-a0256469 200
[debug] [2026-08-01T19:23:19.004Z] <<< [apiv2][body] GET https://cloudfunctions.googleapis.com/v2/projects/poruthurstores-1bb74/locations/us-central1/operations/operation-1785612174685-658013b60f72e-c8df82b0-a0256469 {"name":"projects/poruthurstores-1bb74/locations/us-central1/operations/operation-1785612174685-658013b60f72e-c8df82b0-a0256469","metadata":{"@type":"type.googleapis.com/google.cloud.functions.v2.OperationMetadata","createTime":"2026-08-01T19:22:55.212971260Z","target":"projects/poruthurstores-1bb74/locations/us-central1/functions/cancelOrder","verb":"create","cancelRequested":false,"apiVersion":"v2","requestResource":{"@type":"type.googleapis.com/google.cloud.functions.v2.Function","name":"projects/poruthurstores-1bb74/locations/us-central1/functions/cancelOrder","buildConfig":{"runtime":"nodejs22","entryPoint":"cancelOrder","source":{"storageSource":{"bucket":"gcf-v2-sources-784163241119-us-central1","object":"cancelOrder/function-source.zip","generation":"1785612174966063"}},"environmentVariables":{"GOOGLE_NODE_RUN_SCRIPTS":""},"serviceAccount":"projects/poruthurstores-1bb74/serviceAccounts/784163241119-compute@developer.gserviceaccount.com","automaticUpdatePolicy":{}},"serviceConfig":{"service":"projects/poruthurstores-1bb74/locations/us-central1/services/cancelorder","timeoutSeconds":60,"environmentVariables":{"FIREBASE_CONFIG":"{\"projectId\":\"poruthurstores-1bb74\",\"storageBucket\":\"poruthurstores-1bb74.firebasestorage.app\"}","GCLOUD_PROJECT":"poruthurstores-1bb74","EVENTARC_CLOUD_EVENT_SOURCE":"projects/poruthurstores-1bb74/locations/us-central1/services/cancelOrder","FUNCTION_REGION":"us-central1","FUNCTION_TARGET":"cancelOrder","LOG_EXECUTION_ID":"true"},"ingressSettings":"ALLOW_ALL","serviceAccountEmail":"784163241119-compute@developer.gserviceaccount.com","availableMemory":"256Mi","maxInstanceRequestConcurrency":80,"availableCpu":"1"},"labels":{"deployment-tool":"cli-firebase","deployment-callable":"true","firebase-functions-hash":"42b478bc6a4d47cad11577267a996852cc234973"},"environment":"GEN_2"},"stages":[{"name":"BUILD","message":"Build in progress","state":"IN_PROGRESS","resource":"projects/784163241119/locations/us-central1/builds/72538894-894d-4b8a-bae1-7351204da5e8","resourceUri":"https://console.cloud.google.com/cloud-build/builds;region=us-central1/72538894-894d-4b8a-bae1-7351204da5e8?project=784163241119"},{"name":"SERVICE","state":"NOT_STARTED"}],"operationType":"CREATE_FUNCTION","buildName":"projects/784163241119/locations/us-central1/builds/72538894-894d-4b8a-bae1-7351204da5e8"},"done":false}
[debug] [2026-08-01T19:23:29.396Z] ----------------------------------------------------------------------
[debug] [2026-08-01T19:23:29.401Z] Command:       C:\Program Files\nodejs\node.exe C:\Users\siddh\AppData\Roaming\npm\node_modules\firebase-tools\lib\bin\firebase.js deploy --only functions
[debug] [2026-08-01T19:23:29.402Z] CLI Version:   15.25.1
[debug] [2026-08-01T19:23:29.402Z] Platform:      win32
[debug] [2026-08-01T19:23:29.402Z] Node Version:  v24.12.0
[debug] [2026-08-01T19:23:29.402Z] Detected Agent: unknown
[debug] [2026-08-01T19:23:29.402Z] Time:          Sun Aug 02 2026 00:53:29 GMT+0530 (India Standard Time)
[debug] [2026-08-01T19:23:29.403Z] ----------------------------------------------------------------------
[debug] 
[debug] [2026-08-01T19:23:32.687Z] > command requires scopes: ["email","openid","https://www.googleapis.com/auth/cloudplatformprojects.readonly","https://www.googleapis.com/auth/firebase","https://www.googleapis.com/auth/cloud-platform"]
[debug] [2026-08-01T19:23:32.687Z] > authorizing via signed-in user (siddharthsunil378@gmail.com)
[debug] [2026-08-01T19:23:32.687Z] [iam] checking project poruthurstores-1bb74 for permissions ["cloudfunctions.functions.create","cloudfunctions.functions.delete","cloudfunctions.functions.get","cloudfunctions.functions.list","cloudfunctions.functions.update","cloudfunctions.operations.get","firebase.projects.get"]
[debug] [2026-08-01T19:23:32.707Z] Checked if tokens are valid: true, expires at: 1785615656641
[debug] [2026-08-01T19:23:32.708Z] Checked if tokens are valid: true, expires at: 1785615656641
[debug] [2026-08-01T19:23:32.711Z] >>> [apiv2][query] POST https://cloudresourcemanager.googleapis.com/v1/projects/poruthurstores-1bb74:testIamPermissions [none]
[debug] [2026-08-01T19:23:32.712Z] >>> [apiv2][(partial)header] POST https://cloudresourcemanager.googleapis.com/v1/projects/poruthurstores-1bb74:testIamPermissions  x-goog-user-project=poruthurstores-1bb74
[debug] [2026-08-01T19:23:32.712Z] >>> [apiv2][body] POST https://cloudresourcemanager.googleapis.com/v1/projects/poruthurstores-1bb74:testIamPermissions {"permissions":["cloudfunctions.functions.create","cloudfunctions.functions.delete","cloudfunctions.functions.get","cloudfunctions.functions.list","cloudfunctions.functions.update","cloudfunctions.operations.get","firebase.projects.get"]}
[debug] [2026-08-01T19:23:34.311Z] <<< [apiv2][status] POST https://cloudresourcemanager.googleapis.com/v1/projects/poruthurstores-1bb74:testIamPermissions 200
[debug] [2026-08-01T19:23:34.311Z] <<< [apiv2][body] POST https://cloudresourcemanager.googleapis.com/v1/projects/poruthurstores-1bb74:testIamPermissions {"permissions":["cloudfunctions.functions.create","cloudfunctions.functions.delete","cloudfunctions.functions.get","cloudfunctions.functions.list","cloudfunctions.functions.update","cloudfunctions.operations.get","firebase.projects.get"]}
[debug] [2026-08-01T19:23:34.312Z] Checked if tokens are valid: true, expires at: 1785615656641
[debug] [2026-08-01T19:23:34.312Z] Checked if tokens are valid: true, expires at: 1785615656641
[debug] [2026-08-01T19:23:34.312Z] >>> [apiv2][query] POST https://iam.googleapis.com/v1/projects/poruthurstores-1bb74/serviceAccounts/poruthurstores-1bb74@appspot.gserviceaccount.com:testIamPermissions [none]
[debug] [2026-08-01T19:23:34.312Z] >>> [apiv2][body] POST https://iam.googleapis.com/v1/projects/poruthurstores-1bb74/serviceAccounts/poruthurstores-1bb74@appspot.gserviceaccount.com:testIamPermissions {"permissions":["iam.serviceAccounts.actAs"]}
[debug] [2026-08-01T19:23:36.042Z] <<< [apiv2][status] POST https://iam.googleapis.com/v1/projects/poruthurstores-1bb74/serviceAccounts/poruthurstores-1bb74@appspot.gserviceaccount.com:testIamPermissions 200
[debug] [2026-08-01T19:23:36.042Z] <<< [apiv2][body] POST https://iam.googleapis.com/v1/projects/poruthurstores-1bb74/serviceAccounts/poruthurstores-1bb74@appspot.gserviceaccount.com:testIamPermissions {"permissions":["iam.serviceAccounts.actAs"]}
[info] 
[info] === Deploying to 'poruthurstores-1bb74'...
[info] 
[info] i  deploying functions 
[info] Running command: npm --prefix "$RESOURCE_DIR" run build
[info] +  functions: Finished running predeploy script. 
[debug] [2026-08-01T19:23:44.130Z] Checked if tokens are valid: true, expires at: 1785615656641
[debug] [2026-08-01T19:23:44.130Z] Checked if tokens are valid: true, expires at: 1785615656641
[debug] [2026-08-01T19:23:44.130Z] >>> [apiv2][query] GET https://cloudresourcemanager.googleapis.com/v1/projects/poruthurstores-1bb74 [none]
[debug] [2026-08-01T19:23:46.437Z] <<< [apiv2][status] GET https://cloudresourcemanager.googleapis.com/v1/projects/poruthurstores-1bb74 200
[debug] [2026-08-01T19:23:46.437Z] <<< [apiv2][body] GET https://cloudresourcemanager.googleapis.com/v1/projects/poruthurstores-1bb74 {"projectNumber":"784163241119","projectId":"poruthurstores-1bb74","lifecycleState":"ACTIVE","name":"PoruthurStores","labels":{"firebase":"enabled","firebase-core":"disabled"},"createTime":"2026-05-31T17:22:09.473Z"}
[info] i  functions: preparing codebase default for deployment 
[info] i  functions: ensuring required API cloudfunctions.googleapis.com is enabled... 
[info] i  functions: ensuring required API cloudbuild.googleapis.com is enabled... 
[info] i  artifactregistry: ensuring required API artifactregistry.googleapis.com is enabled... 
[debug] [2026-08-01T19:23:46.441Z] Checked if tokens are valid: true, expires at: 1785615656641
[debug] [2026-08-01T19:23:46.441Z] Checked if tokens are valid: true, expires at: 1785615656641
[debug] [2026-08-01T19:23:46.442Z] >>> [apiv2][query] GET https://firebase.googleapis.com/v1beta1/projects/poruthurstores-1bb74/adminSdkConfig [none]
[debug] [2026-08-01T19:23:47.756Z] <<< [apiv2][status] GET https://firebase.googleapis.com/v1beta1/projects/poruthurstores-1bb74/adminSdkConfig 200
[debug] [2026-08-01T19:23:47.756Z] <<< [apiv2][body] GET https://firebase.googleapis.com/v1beta1/projects/poruthurstores-1bb74/adminSdkConfig {"projectId":"poruthurstores-1bb74","storageBucket":"poruthurstores-1bb74.firebasestorage.app"}
[debug] [2026-08-01T19:23:47.758Z] Validating nodejs source
[debug] [2026-08-01T19:23:49.918Z] > [functions] package.json contents: {
  "name": "functions",
  "scripts": {
    "lint": "eslint --ext .js,.ts .",
    "build": "tsc",
    "build:watch": "tsc --watch",
    "serve": "npm run build && firebase emulators:start --only functions",
    "shell": "npm run build && firebase functions:shell",
    "start": "npm run shell",
    "deploy": "firebase deploy --only functions",
    "logs": "firebase functions:log"
  },
  "engines": {
    "node": "22"
  },
  "main": "lib/index.js",
  "dependencies": {
    "firebase-admin": "^13.10.0",
    "firebase-functions": "^7.3.2"
  },
  "devDependencies": {
    "@types/node": "^26.1.2",
    "@typescript-eslint/eslint-plugin": "^5.12.0",
    "@typescript-eslint/parser": "^5.12.0",
    "eslint": "^8.9.0",
    "eslint-config-google": "^0.14.0",
    "eslint-plugin-import": "^2.25.4",
    "firebase-functions-test": "^3.4.1",
    "typescript": "^6.0.0"
  },
  "private": true
}
[debug] [2026-08-01T19:23:49.918Z] Building nodejs source
[info] i  functions: Loading and analyzing source code for codebase default to determine what to deploy 
[debug] [2026-08-01T19:23:49.921Z] Could not find functions.yaml. Must use http discovery
[debug] [2026-08-01T19:23:49.937Z] Found firebase-functions binary at 'C:\Users\siddh\grocery-app\functions\node_modules\.bin\firebase-functions'
[info] Serving at port 8152

[debug] [2026-08-01T19:23:51.310Z] Got response from /__/functions.yaml {"endpoints":{"createOrder":{"availableMemoryMb":null,"timeoutSeconds":null,"minInstances":null,"maxInstances":null,"ingressSettings":null,"concurrency":null,"serviceAccountEmail":null,"vpc":null,"platform":"gcfv2","labels":{},"callableTrigger":{},"entryPoint":"createOrder"},"cancelOrder":{"availableMemoryMb":null,"timeoutSeconds":null,"minInstances":null,"maxInstances":null,"ingressSettings":null,"concurrency":null,"serviceAccountEmail":null,"vpc":null,"platform":"gcfv2","labels":{},"callableTrigger":{},"entryPoint":"cancelOrder"}},"specVersion":"v1alpha1","requiredAPIs":[],"extensions":{}}
[debug] [2026-08-01T19:23:54.358Z] Checked if tokens are valid: true, expires at: 1785615656641
[debug] [2026-08-01T19:23:54.358Z] Checked if tokens are valid: true, expires at: 1785615656641
[debug] [2026-08-01T19:23:54.358Z] >>> [apiv2][query] GET https://cloudfunctions.googleapis.com/v1/projects/poruthurstores-1bb74/locations/-/functions [none]
[debug] [2026-08-01T19:23:55.419Z] <<< [apiv2][status] GET https://cloudfunctions.googleapis.com/v1/projects/poruthurstores-1bb74/locations/-/functions 200
[debug] [2026-08-01T19:23:55.419Z] <<< [apiv2][body] GET https://cloudfunctions.googleapis.com/v1/projects/poruthurstores-1bb74/locations/-/functions {}
[debug] [2026-08-01T19:23:55.419Z] Checked if tokens are valid: true, expires at: 1785615656641
[debug] [2026-08-01T19:23:55.419Z] Checked if tokens are valid: true, expires at: 1785615656641
[debug] [2026-08-01T19:23:55.419Z] >>> [apiv2][query] GET https://cloudfunctions.googleapis.com/v2/projects/poruthurstores-1bb74/locations/-/functions filter=environment%3D%22GEN_2%22
[debug] [2026-08-01T19:23:57.580Z] <<< [apiv2][status] GET https://cloudfunctions.googleapis.com/v2/projects/poruthurstores-1bb74/locations/-/functions 200
[debug] [2026-08-01T19:23:57.581Z] <<< [apiv2][body] GET https://cloudfunctions.googleapis.com/v2/projects/poruthurstores-1bb74/locations/-/functions {"functions":[{"name":"projects/poruthurstores-1bb74/locations/asia-south1/functions/restoreStockAfterCancellation","buildConfig":{"build":"projects/784163241119/locations/asia-south1/builds/5d53bc80-00d3-48e1-992d-32a331c7f76f","runtime":"nodejs22","entryPoint":"restoreStockAfterCancellation","source":{"storageSource":{"bucket":"gcf-v2-sources-784163241119-asia-south1","object":"restoreStockAfterCancellation/function-source.zip","generation":"1785601838641453"}},"environmentVariables":{"GOOGLE_NODE_RUN_SCRIPTS":""},"dockerRepository":"projects/poruthurstores-1bb74/locations/asia-south1/repositories/gcf-artifacts","sourceProvenance":{"resolvedStorageSource":{"bucket":"gcf-v2-sources-784163241119-asia-south1","object":"restoreStockAfterCancellation/function-source.zip","generation":"1785601838641453"}},"dockerRegistry":"ARTIFACT_REGISTRY","serviceAccount":"projects/poruthurstores-1bb74/serviceAccounts/784163241119-compute@developer.gserviceaccount.com","automaticUpdatePolicy":{}},"serviceConfig":{"service":"projects/poruthurstores-1bb74/locations/asia-south1/services/restorestockaftercancellation","timeoutSeconds":60,"environmentVariables":{"FIREBASE_CONFIG":"{\"projectId\":\"poruthurstores-1bb74\",\"storageBucket\":\"poruthurstores-1bb74.firebasestorage.app\"}","GCLOUD_PROJECT":"poruthurstores-1bb74","EVENTARC_CLOUD_EVENT_SOURCE":"projects/poruthurstores-1bb74/locations/asia-south1/services/restoreStockAfterCancellation","FUNCTION_REGION":"asia-south1","FUNCTION_SIGNATURE_TYPE":"cloudevent","FUNCTION_TARGET":"restoreStockAfterCancellation","LOG_EXECUTION_ID":"true"},"maxInstanceCount":20,"ingressSettings":"ALLOW_ALL","uri":"https://restorestockaftercancellation-tkz26jgr4q-el.a.run.app","serviceAccountEmail":"784163241119-compute@developer.gserviceaccount.com","availableMemory":"256Mi","allTrafficOnLatestRevision":true,"revision":"restorestockaftercancellation-00009-xay","maxInstanceRequestConcurrency":80,"availableCpu":"1"},"eventTrigger":{"trigger":"projects/poruthurstores-1bb74/locations/asia-south1/triggers/restorestockaftercancellation-931131","triggerRegion":"asia-south1","eventType":"google.cloud.firestore.document.v1.updated","eventFilters":[{"attribute":"namespace","value":"(default)"},{"attribute":"document","value":"orders/{orderId}","operator":"match-path-pattern"},{"attribute":"database","value":"(default)"}],"pubsubTopic":"projects/poruthurstores-1bb74/topics/eventarc-asia-south1-restorestockaftercancellation-931131-975","serviceAccountEmail":"784163241119-compute@developer.gserviceaccount.com","retryPolicy":"RETRY_POLICY_DO_NOT_RETRY"},"state":"ACTIVE","updateTime":"2026-08-01T16:31:47.315412686Z","labels":{"deployment-tool":"cli-firebase","firebase-functions-hash":"510d559149ef4906de23fcedd1c30bb6360ce15c"},"environment":"GEN_2","url":"https://asia-south1-poruthurstores-1bb74.cloudfunctions.net/restoreStockAfterCancellation","satisfiesPzs":true,"createTime":"2026-07-30T12:40:22.268728083Z","satisfiesPzi":true},{"name":"projects/poruthurstores-1bb74/locations/asia-south1/functions/processNewOrder","buildConfig":{"build":"projects/784163241119/locations/asia-south1/builds/5d53bc80-00d3-48e1-992d-32a331c7f76f","runtime":"nodejs22","entryPoint":"processNewOrder","source":{"storageSource":{"bucket":"gcf-v2-sources-784163241119-asia-south1","object":"processNewOrder/function-source.zip","generation":"1785601904163066"}},"environmentVariables":{"GOOGLE_NODE_RUN_SCRIPTS":""},"dockerRepository":"projects/poruthurstores-1bb74/locations/asia-south1/repositories/gcf-artifacts","sourceProvenance":{"resolvedStorageSource":{"bucket":"gcf-v2-sources-784163241119-asia-south1","object":"processNewOrder/function-source.zip","generation":"1785601904163066"}},"dockerRegistry":"ARTIFACT_REGISTRY","serviceAccount":"projects/poruthurstores-1bb74/serviceAccounts/784163241119-compute@developer.gserviceaccount.com","automaticUpdatePolicy":{}},"serviceConfig":{"service":"projects/poruthurstores-1bb74/locations/asia-south1/services/processneworder","timeoutSeconds":60,"environmentVariables":{"FIREBASE_CONFIG":"{\"projectId\":\"poruthurstores-1bb74\",\"storageBucket\":\"poruthurstores-1bb74.firebasestorage.app\"}","GCLOUD_PROJECT":"poruthurstores-1bb74","EVENTARC_CLOUD_EVENT_SOURCE":"projects/poruthurstores-1bb74/locations/asia-south1/services/processNewOrder","FUNCTION_REGION":"asia-south1","FUNCTION_SIGNATURE_TYPE":"cloudevent","FUNCTION_TARGET":"processNewOrder","LOG_EXECUTION_ID":"true"},"maxInstanceCount":20,"ingressSettings":"ALLOW_ALL","uri":"https://processneworder-tkz26jgr4q-el.a.run.app","serviceAccountEmail":"784163241119-compute@developer.gserviceaccount.com","availableMemory":"256Mi","allTrafficOnLatestRevision":true,"revision":"processneworder-00007-jaf","maxInstanceRequestConcurrency":80,"availableCpu":"1"},"eventTrigger":{"trigger":"projects/poruthurstores-1bb74/locations/asia-south1/triggers/processneworder-125306","triggerRegion":"asia-south1","eventType":"google.cloud.firestore.document.v1.created","eventFilters":[{"attribute":"namespace","value":"(default)"},{"attribute":"document","value":"orders/{orderId}","operator":"match-path-pattern"},{"attribute":"database","value":"(default)"}],"pubsubTopic":"projects/poruthurstores-1bb74/topics/eventarc-asia-south1-processneworder-125306-639","serviceAccountEmail":"784163241119-compute@developer.gserviceaccount.com","retryPolicy":"RETRY_POLICY_DO_NOT_RETRY"},"state":"ACTIVE","updateTime":"2026-08-01T16:31:52.906760355Z","labels":{"deployment-tool":"cli-firebase","firebase-functions-hash":"510d559149ef4906de23fcedd1c30bb6360ce15c"},"environment":"GEN_2","url":"https://asia-south1-poruthurstores-1bb74.cloudfunctions.net/processNewOrder","satisfiesPzs":true,"createTime":"2026-07-30T13:29:05.462937818Z","satisfiesPzi":true},{"name":"projects/poruthurstores-1bb74/locations/asia-south1/functions/restoreStockOnCancel","buildConfig":{"build":"projects/784163241119/locations/asia-south1/builds/19cee474-ff22-4256-8f0b-1939293a3d26","runtime":"nodejs22","entryPoint":"restoreStockOnCancel","source":{"storageSource":{"bucket":"gcf-v2-sources-784163241119-asia-south1","object":"restoreStockOnCancel/function-source.zip","generation":"1785350388450373"}},"environmentVariables":{"GOOGLE_NODE_RUN_SCRIPTS":""},"dockerRepository":"projects/poruthurstores-1bb74/locations/asia-south1/repositories/gcf-artifacts","sourceProvenance":{"resolvedStorageSource":{"bucket":"gcf-v2-sources-784163241119-asia-south1","object":"restoreStockOnCancel/function-source.zip","generation":"1785350388450373"}},"dockerRegistry":"ARTIFACT_REGISTRY","serviceAccount":"projects/poruthurstores-1bb74/serviceAccounts/784163241119-compute@developer.gserviceaccount.com","automaticUpdatePolicy":{}},"state":"FAILED","updateTime":"2026-07-29T18:40:31.408329196Z","labels":{"deployment-tool":"cli-firebase","firebase-functions-hash":"1d58abdd63b9ebb162d02eb6a5ff9270e4976e84"},"stateMessages":[{"severity":"ERROR","type":"CloudRunServiceNotFound","message":"Cloud Run service projects/poruthurstores-1bb74/locations/asia-south1/services/restorestockoncancel for the function was not found. The function will not work correctly. Please redeploy."},{"severity":"ERROR","type":"EventarcTriggerNotFound","message":"Eventarc trigger projects/poruthurstores-1bb74/locations/asia-south1/triggers/restorestockoncancel-192267 for the function was not found. The function may not work correctly. Please redeploy."}],"environment":"GEN_2","url":"https://asia-south1-poruthurstores-1bb74.cloudfunctions.net/restoreStockOnCancel","satisfiesPzs":true,"createTime":"2026-07-29T18:39:49.562851Z","satisfiesPzi":true},{"name":"projects/poruthurstores-1bb74/locations/us-central1/functions/createOrder","buildConfig":{"build":"projects/784163241119/locations/us-central1/builds/750e9e0e-d948-4a30-859a-3f3917e8a953","runtime":"nodejs22","entryPoint":"createOrder","source":{"storageSource":{"bucket":"gcf-v2-sources-784163241119-us-central1","object":"createOrder/function-source.zip","generation":"1785612114345135"}},"environmentVariables":{"GOOGLE_NODE_RUN_SCRIPTS":""},"dockerRepository":"projects/poruthurstores-1bb74/locations/us-central1/repositories/gcf-artifacts","sourceProvenance":{"resolvedStorageSource":{"bucket":"gcf-v2-sources-784163241119-us-central1","object":"createOrder/function-source.zip","generation":"1785612114345135"}},"dockerRegistry":"ARTIFACT_REGISTRY","serviceAccount":"projects/poruthurstores-1bb74/serviceAccounts/784163241119-compute@developer.gserviceaccount.com","automaticUpdatePolicy":{}},"state":"FAILED","updateTime":"2026-08-01T19:22:47.066244849Z","labels":{"deployment-tool":"cli-firebase","deployment-callable":"true","firebase-functions-hash":"42b478bc6a4d47cad11577267a996852cc234973"},"stateMessages":[{"severity":"ERROR","type":"CloudRunServiceNotFound","message":"Cloud Run service projects/poruthurstores-1bb74/locations/us-central1/services/createorder for the function was not found. The function will not work correctly. Please redeploy."}],"environment":"GEN_2","url":"https://us-central1-poruthurstores-1bb74.cloudfunctions.net/createOrder","createTime":"2026-08-01T19:21:54.597086764Z","satisfiesPzi":true},{"name":"projects/poruthurstores-1bb74/locations/us-central1/functions/cancelOrder","buildConfig":{"build":"projects/784163241119/locations/us-central1/builds/72538894-894d-4b8a-bae1-7351204da5e8","runtime":"nodejs22","entryPoint":"cancelOrder","source":{"storageSource":{"bucket":"gcf-v2-sources-784163241119-us-central1","object":"cancelOrder/function-source.zip","generation":"1785612174966063"}},"environmentVariables":{"GOOGLE_NODE_RUN_SCRIPTS":""},"dockerRepository":"projects/poruthurstores-1bb74/locations/us-central1/repositories/gcf-artifacts","sourceProvenance":{"resolvedStorageSource":{"bucket":"gcf-v2-sources-784163241119-us-central1","object":"cancelOrder/function-source.zip","generation":"1785612174966063"}},"dockerRegistry":"ARTIFACT_REGISTRY","serviceAccount":"projects/poruthurstores-1bb74/serviceAccounts/784163241119-compute@developer.gserviceaccount.com","automaticUpdatePolicy":{}},"state":"FAILED","updateTime":"2026-08-01T19:23:33.409759722Z","labels":{"deployment-tool":"cli-firebase","deployment-callable":"true","firebase-functions-hash":"42b478bc6a4d47cad11577267a996852cc234973"},"stateMessages":[{"severity":"ERROR","type":"CloudRunServiceNotFound","message":"Cloud Run service projects/poruthurstores-1bb74/locations/us-central1/services/cancelorder for the function was not found. The function will not work correctly. Please redeploy."}],"environment":"GEN_2","url":"https://us-central1-poruthurstores-1bb74.cloudfunctions.net/cancelOrder","createTime":"2026-08-01T19:22:55.207995498Z","satisfiesPzi":true}]}
[info] i  extensions: ensuring required API firebaseextensions.googleapis.com is enabled... 
[debug] [2026-08-01T19:23:57.584Z] > command requires scopes: ["email","openid","https://www.googleapis.com/auth/cloudplatformprojects.readonly","https://www.googleapis.com/auth/firebase","https://www.googleapis.com/auth/cloud-platform"]
[debug] [2026-08-01T19:23:57.584Z] > authorizing via signed-in user (siddharthsunil378@gmail.com)
[debug] [2026-08-01T19:23:57.584Z] [iam] checking project poruthurstores-1bb74 for permissions ["firebase.projects.get","firebaseextensions.instances.list"]
[debug] [2026-08-01T19:23:57.584Z] Checked if tokens are valid: true, expires at: 1785615656641
[debug] [2026-08-01T19:23:57.584Z] Checked if tokens are valid: true, expires at: 1785615656641
[debug] [2026-08-01T19:23:57.584Z] >>> [apiv2][query] POST https://cloudresourcemanager.googleapis.com/v1/projects/poruthurstores-1bb74:testIamPermissions [none]
[debug] [2026-08-01T19:23:57.584Z] >>> [apiv2][(partial)header] POST https://cloudresourcemanager.googleapis.com/v1/projects/poruthurstores-1bb74:testIamPermissions  x-goog-user-project=poruthurstores-1bb74
[debug] [2026-08-01T19:23:57.584Z] >>> [apiv2][body] POST https://cloudresourcemanager.googleapis.com/v1/projects/poruthurstores-1bb74:testIamPermissions {"permissions":["firebase.projects.get","firebaseextensions.instances.list"]}
[debug] [2026-08-01T19:23:59.585Z] <<< [apiv2][status] POST https://cloudresourcemanager.googleapis.com/v1/projects/poruthurstores-1bb74:testIamPermissions 200
[debug] [2026-08-01T19:23:59.585Z] <<< [apiv2][body] POST https://cloudresourcemanager.googleapis.com/v1/projects/poruthurstores-1bb74:testIamPermissions {"permissions":["firebase.projects.get","firebaseextensions.instances.list"]}
[debug] [2026-08-01T19:23:59.585Z] Checked if tokens are valid: true, expires at: 1785615656641
[debug] [2026-08-01T19:23:59.585Z] Checked if tokens are valid: true, expires at: 1785615656641
[debug] [2026-08-01T19:23:59.585Z] >>> [apiv2][query] GET https://firebaseextensions.googleapis.com/v1beta/projects/poruthurstores-1bb74/instances pageSize=100&pageToken=
[debug] [2026-08-01T19:24:01.317Z] <<< [apiv2][status] GET https://firebaseextensions.googleapis.com/v1beta/projects/poruthurstores-1bb74/instances 200
[debug] [2026-08-01T19:24:01.318Z] <<< [apiv2][body] GET https://firebaseextensions.googleapis.com/v1beta/projects/poruthurstores-1bb74/instances {}
[debug] [2026-08-01T19:24:01.319Z] Attempting to merge .env secret bindings {} into declared secrets...)}
[debug] [2026-08-01T19:24:01.319Z] createOrder declared secrets: undefined
[debug] [2026-08-01T19:24:01.319Z] cancelOrder declared secrets: undefined
[info] i  functions: preparing functions directory for uploading... 
[info] i  functions: packaged C:\Users\siddh\grocery-app\functions (104.82 KB) for uploading 
[info] i  functions: ensuring required API run.googleapis.com is enabled... 
[info] i  functions: ensuring required API eventarc.googleapis.com is enabled... 
[info] i  functions: ensuring required API pubsub.googleapis.com is enabled... 
[info] i  functions: ensuring required API storage.googleapis.com is enabled... 
[info] i  functions: generating the service identity for pubsub.googleapis.com... 
[debug] [2026-08-01T19:24:01.388Z] Checked if tokens are valid: true, expires at: 1785615656641
[debug] [2026-08-01T19:24:01.388Z] Checked if tokens are valid: true, expires at: 1785615656641
[info] i  functions: generating the service identity for eventarc.googleapis.com... 
[debug] [2026-08-01T19:24:01.389Z] Checked if tokens are valid: true, expires at: 1785615656641
[debug] [2026-08-01T19:24:01.389Z] Checked if tokens are valid: true, expires at: 1785615656641
[debug] [2026-08-01T19:24:01.389Z] >>> [apiv2][query] POST https://serviceusage.googleapis.com/v1beta1/projects/784163241119/services/pubsub.googleapis.com:generateServiceIdentity [none]
[debug] [2026-08-01T19:24:01.389Z] >>> [apiv2][(partial)header] POST https://serviceusage.googleapis.com/v1beta1/projects/784163241119/services/pubsub.googleapis.com:generateServiceIdentity  x-goog-user-project=784163241119
[debug] [2026-08-01T19:24:01.389Z] >>> [apiv2][body] POST https://serviceusage.googleapis.com/v1beta1/projects/784163241119/services/pubsub.googleapis.com:generateServiceIdentity {}
[debug] [2026-08-01T19:24:01.390Z] >>> [apiv2][query] POST https://serviceusage.googleapis.com/v1beta1/projects/784163241119/services/eventarc.googleapis.com:generateServiceIdentity [none]
[debug] [2026-08-01T19:24:01.390Z] >>> [apiv2][(partial)header] POST https://serviceusage.googleapis.com/v1beta1/projects/784163241119/services/eventarc.googleapis.com:generateServiceIdentity  x-goog-user-project=784163241119
[debug] [2026-08-01T19:24:01.390Z] >>> [apiv2][body] POST https://serviceusage.googleapis.com/v1beta1/projects/784163241119/services/eventarc.googleapis.com:generateServiceIdentity {}
[debug] [2026-08-01T19:24:03.321Z] <<< [apiv2][status] POST https://serviceusage.googleapis.com/v1beta1/projects/784163241119/services/pubsub.googleapis.com:generateServiceIdentity 200
[debug] [2026-08-01T19:24:03.321Z] <<< [apiv2][body] POST https://serviceusage.googleapis.com/v1beta1/projects/784163241119/services/pubsub.googleapis.com:generateServiceIdentity {"name":"operations/finished.DONE_OPERATION","done":true,"response":{"@type":"type.googleapis.com/google.api.serviceusage.v1beta1.ServiceIdentity","email":"service-784163241119@gcp-sa-pubsub.iam.gserviceaccount.com","uniqueId":"106593903845023918506"}}
[debug] [2026-08-01T19:24:03.359Z] <<< [apiv2][status] POST https://serviceusage.googleapis.com/v1beta1/projects/784163241119/services/eventarc.googleapis.com:generateServiceIdentity 200
[debug] [2026-08-01T19:24:03.360Z] <<< [apiv2][body] POST https://serviceusage.googleapis.com/v1beta1/projects/784163241119/services/eventarc.googleapis.com:generateServiceIdentity {"name":"operations/finished.DONE_OPERATION","done":true,"response":{"@type":"type.googleapis.com/google.api.serviceusage.v1beta1.ServiceIdentity","email":"service-784163241119@gcp-sa-eventarc.iam.gserviceaccount.com","uniqueId":"116092985823892391189"}}
[debug] [2026-08-01T19:24:03.362Z] Checked if tokens are valid: true, expires at: 1785615656641
[debug] [2026-08-01T19:24:03.363Z] Checked if tokens are valid: true, expires at: 1785615656641
[debug] [2026-08-01T19:24:03.363Z] >>> [apiv2][query] GET https://cloudresourcemanager.googleapis.com/v1/projects/poruthurstores-1bb74 [none]
[debug] [2026-08-01T19:24:04.050Z] <<< [apiv2][status] GET https://cloudresourcemanager.googleapis.com/v1/projects/poruthurstores-1bb74 200
[debug] [2026-08-01T19:24:04.050Z] <<< [apiv2][body] GET https://cloudresourcemanager.googleapis.com/v1/projects/poruthurstores-1bb74 {"projectNumber":"784163241119","projectId":"poruthurstores-1bb74","lifecycleState":"ACTIVE","name":"PoruthurStores","labels":{"firebase":"enabled","firebase-core":"disabled"},"createTime":"2026-05-31T17:22:09.473Z"}
[debug] [2026-08-01T19:24:04.051Z] Checked if tokens are valid: true, expires at: 1785615656641
[debug] [2026-08-01T19:24:04.051Z] Checked if tokens are valid: true, expires at: 1785615656641
[debug] [2026-08-01T19:24:04.051Z] >>> [apiv2][query] GET https://compute.googleapis.com/compute/v1/projects/784163241119 [none]
[debug] [2026-08-01T19:24:04.551Z] <<< [apiv2][status] GET https://compute.googleapis.com/compute/v1/projects/784163241119 403
[debug] [2026-08-01T19:24:04.551Z] <<< [apiv2][body] GET https://compute.googleapis.com/compute/v1/projects/784163241119 {"error":{"code":403,"message":"Compute Engine API has not been used in project 784163241119 before or it is disabled. Enable it by visiting https://console.developers.google.com/apis/api/compute.googleapis.com/overview?project=784163241119 then retry. If you enabled this API recently, wait a few minutes for the action to propagate to our systems and retry.","errors":[{"message":"Compute Engine API has not been used in project 784163241119 before or it is disabled. Enable it by visiting https://console.developers.google.com/apis/api/compute.googleapis.com/overview?project=784163241119 then retry. If you enabled this API recently, wait a few minutes for the action to propagate to our systems and retry.","domain":"usageLimits","reason":"accessNotConfigured","extendedHelp":"https://console.developers.google.com"}],"status":"PERMISSION_DENIED","details":[{"@type":"type.googleapis.com/google.rpc.ErrorInfo","reason":"SERVICE_DISABLED","domain":"googleapis.com","metadata":{"activationUrl":"https://console.developers.google.com/apis/api/compute.googleapis.com/overview?project=784163241119","consumer":"projects/784163241119","containerInfo":"784163241119","service":"compute.googleapis.com","serviceTitle":"Compute Engine API"}},{"@type":"type.googleapis.com/google.rpc.LocalizedMessage","locale":"en-US","message":"Compute Engine API has not been used in project 784163241119 before or it is disabled. Enable it by visiting https://console.developers.google.com/apis/api/compute.googleapis.com/overview?project=784163241119 then retry. If you enabled this API recently, wait a few minutes for the action to propagate to our systems and retry."},{"@type":"type.googleapis.com/google.rpc.Help","links":[{"description":"Google developers console API activation","url":"https://console.developers.google.com/apis/api/compute.googleapis.com/overview?project=784163241119"}]}]}}
[debug] [2026-08-01T19:24:04.552Z] unable to look up default compute service account. Falling back to 784163241119-compute@developer.gserviceaccount.com. Error: {"name":"FirebaseError","children":[],"context":{"body":{"error":{"code":403,"message":"Compute Engine API has not been used in project 784163241119 before or it is disabled. Enable it by visiting https://console.developers.google.com/apis/api/compute.googleapis.com/overview?project=784163241119 then retry. If you enabled this API recently, wait a few minutes for the action to propagate to our systems and retry.","errors":[{"message":"Compute Engine API has not been used in project 784163241119 before or it is disabled. Enable it by visiting https://console.developers.google.com/apis/api/compute.googleapis.com/overview?project=784163241119 then retry. If you enabled this API recently, wait a few minutes for the action to propagate to our systems and retry.","domain":"usageLimits","reason":"accessNotConfigured","extendedHelp":"https://console.developers.google.com"}],"status":"PERMISSION_DENIED","details":[{"@type":"type.googleapis.com/google.rpc.ErrorInfo","reason":"SERVICE_DISABLED","domain":"googleapis.com","metadata":{"activationUrl":"https://console.developers.google.com/apis/api/compute.googleapis.com/overview?project=784163241119","consumer":"projects/784163241119","containerInfo":"784163241119","service":"compute.googleapis.com","serviceTitle":"Compute Engine API"}},{"@type":"type.googleapis.com/google.rpc.LocalizedMessage","locale":"en-US","message":"Compute Engine API has not been used in project 784163241119 before or it is disabled. Enable it by visiting https://console.developers.google.com/apis/api/compute.googleapis.com/overview?project=784163241119 then retry. If you enabled this API recently, wait a few minutes for the action to propagate to our systems and retry."},{"@type":"type.googleapis.com/google.rpc.Help","links":[{"description":"Google developers console API activation","url":"https://console.developers.google.com/apis/api/compute.googleapis.com/overview?project=784163241119"}]}]}},"response":{"statusCode":403}},"exit":1,"message":"Request to https://compute.googleapis.com/compute/v1/projects/784163241119 had HTTP Error: 403, Compute Engine API has not been used in project 784163241119 before or it is disabled. Enable it by visiting https://console.developers.google.com/apis/api/compute.googleapis.com/overview?project=784163241119 then retry. If you enabled this API recently, wait a few minutes for the action to propagate to our systems and retry.","status":403}
[debug] [2026-08-01T19:24:04.552Z] Checked if tokens are valid: true, expires at: 1785615656641
[debug] [2026-08-01T19:24:04.552Z] Checked if tokens are valid: true, expires at: 1785615656641
[debug] [2026-08-01T19:24:04.552Z] >>> [apiv2][query] GET https://compute.googleapis.com/compute/v1/projects/784163241119 [none]
[debug] [2026-08-01T19:24:04.900Z] <<< [apiv2][status] GET https://compute.googleapis.com/compute/v1/projects/784163241119 403
[debug] [2026-08-01T19:24:04.901Z] <<< [apiv2][body] GET https://compute.googleapis.com/compute/v1/projects/784163241119 {"error":{"code":403,"message":"Compute Engine API has not been used in project 784163241119 before or it is disabled. Enable it by visiting https://console.developers.google.com/apis/api/compute.googleapis.com/overview?project=784163241119 then retry. If you enabled this API recently, wait a few minutes for the action to propagate to our systems and retry.","errors":[{"message":"Compute Engine API has not been used in project 784163241119 before or it is disabled. Enable it by visiting https://console.developers.google.com/apis/api/compute.googleapis.com/overview?project=784163241119 then retry. If you enabled this API recently, wait a few minutes for the action to propagate to our systems and retry.","domain":"usageLimits","reason":"accessNotConfigured","extendedHelp":"https://console.developers.google.com"}],"status":"PERMISSION_DENIED","details":[{"@type":"type.googleapis.com/google.rpc.ErrorInfo","reason":"SERVICE_DISABLED","domain":"googleapis.com","metadata":{"activationUrl":"https://console.developers.google.com/apis/api/compute.googleapis.com/overview?project=784163241119","service":"compute.googleapis.com","containerInfo":"784163241119","consumer":"projects/784163241119","serviceTitle":"Compute Engine API"}},{"@type":"type.googleapis.com/google.rpc.LocalizedMessage","locale":"en-US","message":"Compute Engine API has not been used in project 784163241119 before or it is disabled. Enable it by visiting https://console.developers.google.com/apis/api/compute.googleapis.com/overview?project=784163241119 then retry. If you enabled this API recently, wait a few minutes for the action to propagate to our systems and retry."},{"@type":"type.googleapis.com/google.rpc.Help","links":[{"description":"Google developers console API activation","url":"https://console.developers.google.com/apis/api/compute.googleapis.com/overview?project=784163241119"}]}]}}
[debug] [2026-08-01T19:24:04.901Z] unable to look up default compute service account. Falling back to 784163241119-compute@developer.gserviceaccount.com. Error: {"name":"FirebaseError","children":[],"context":{"body":{"error":{"code":403,"message":"Compute Engine API has not been used in project 784163241119 before or it is disabled. Enable it by visiting https://console.developers.google.com/apis/api/compute.googleapis.com/overview?project=784163241119 then retry. If you enabled this API recently, wait a few minutes for the action to propagate to our systems and retry.","errors":[{"message":"Compute Engine API has not been used in project 784163241119 before or it is disabled. Enable it by visiting https://console.developers.google.com/apis/api/compute.googleapis.com/overview?project=784163241119 then retry. If you enabled this API recently, wait a few minutes for the action to propagate to our systems and retry.","domain":"usageLimits","reason":"accessNotConfigured","extendedHelp":"https://console.developers.google.com"}],"status":"PERMISSION_DENIED","details":[{"@type":"type.googleapis.com/google.rpc.ErrorInfo","reason":"SERVICE_DISABLED","domain":"googleapis.com","metadata":{"activationUrl":"https://console.developers.google.com/apis/api/compute.googleapis.com/overview?project=784163241119","service":"compute.googleapis.com","containerInfo":"784163241119","consumer":"projects/784163241119","serviceTitle":"Compute Engine API"}},{"@type":"type.googleapis.com/google.rpc.LocalizedMessage","locale":"en-US","message":"Compute Engine API has not been used in project 784163241119 before or it is disabled. Enable it by visiting https://console.developers.google.com/apis/api/compute.googleapis.com/overview?project=784163241119 then retry. If you enabled this API recently, wait a few minutes for the action to propagate to our systems and retry."},{"@type":"type.googleapis.com/google.rpc.Help","links":[{"description":"Google developers console API activation","url":"https://console.developers.google.com/apis/api/compute.googleapis.com/overview?project=784163241119"}]}]}},"response":{"statusCode":403}},"exit":1,"message":"Request to https://compute.googleapis.com/compute/v1/projects/784163241119 had HTTP Error: 403, Compute Engine API has not been used in project 784163241119 before or it is disabled. Enable it by visiting https://console.developers.google.com/apis/api/compute.googleapis.com/overview?project=784163241119 then retry. If you enabled this API recently, wait a few minutes for the action to propagate to our systems and retry.","status":403}
[debug] [2026-08-01T19:24:04.901Z] Checked if tokens are valid: true, expires at: 1785615656641
[debug] [2026-08-01T19:24:04.901Z] Checked if tokens are valid: true, expires at: 1785615656641
[debug] [2026-08-01T19:24:04.901Z] >>> [apiv2][query] GET https://compute.googleapis.com/compute/v1/projects/784163241119 [none]
[debug] [2026-08-01T19:24:05.254Z] <<< [apiv2][status] GET https://compute.googleapis.com/compute/v1/projects/784163241119 403
[debug] [2026-08-01T19:24:05.255Z] <<< [apiv2][body] GET https://compute.googleapis.com/compute/v1/projects/784163241119 {"error":{"code":403,"message":"Compute Engine API has not been used in project 784163241119 before or it is disabled. Enable it by visiting https://console.developers.google.com/apis/api/compute.googleapis.com/overview?project=784163241119 then retry. If you enabled this API recently, wait a few minutes for the action to propagate to our systems and retry.","errors":[{"message":"Compute Engine API has not been used in project 784163241119 before or it is disabled. Enable it by visiting https://console.developers.google.com/apis/api/compute.googleapis.com/overview?project=784163241119 then retry. If you enabled this API recently, wait a few minutes for the action to propagate to our systems and retry.","domain":"usageLimits","reason":"accessNotConfigured","extendedHelp":"https://console.developers.google.com"}],"status":"PERMISSION_DENIED","details":[{"@type":"type.googleapis.com/google.rpc.ErrorInfo","reason":"SERVICE_DISABLED","domain":"googleapis.com","metadata":{"service":"compute.googleapis.com","consumer":"projects/784163241119","serviceTitle":"Compute Engine API","activationUrl":"https://console.developers.google.com/apis/api/compute.googleapis.com/overview?project=784163241119","containerInfo":"784163241119"}},{"@type":"type.googleapis.com/google.rpc.LocalizedMessage","locale":"en-US","message":"Compute Engine API has not been used in project 784163241119 before or it is disabled. Enable it by visiting https://console.developers.google.com/apis/api/compute.googleapis.com/overview?project=784163241119 then retry. If you enabled this API recently, wait a few minutes for the action to propagate to our systems and retry."},{"@type":"type.googleapis.com/google.rpc.Help","links":[{"description":"Google developers console API activation","url":"https://console.developers.google.com/apis/api/compute.googleapis.com/overview?project=784163241119"}]}]}}
[debug] [2026-08-01T19:24:05.255Z] unable to look up default compute service account. Falling back to 784163241119-compute@developer.gserviceaccount.com. Error: {"name":"FirebaseError","children":[],"context":{"body":{"error":{"code":403,"message":"Compute Engine API has not been used in project 784163241119 before or it is disabled. Enable it by visiting https://console.developers.google.com/apis/api/compute.googleapis.com/overview?project=784163241119 then retry. If you enabled this API recently, wait a few minutes for the action to propagate to our systems and retry.","errors":[{"message":"Compute Engine API has not been used in project 784163241119 before or it is disabled. Enable it by visiting https://console.developers.google.com/apis/api/compute.googleapis.com/overview?project=784163241119 then retry. If you enabled this API recently, wait a few minutes for the action to propagate to our systems and retry.","domain":"usageLimits","reason":"accessNotConfigured","extendedHelp":"https://console.developers.google.com"}],"status":"PERMISSION_DENIED","details":[{"@type":"type.googleapis.com/google.rpc.ErrorInfo","reason":"SERVICE_DISABLED","domain":"googleapis.com","metadata":{"service":"compute.googleapis.com","consumer":"projects/784163241119","serviceTitle":"Compute Engine API","activationUrl":"https://console.developers.google.com/apis/api/compute.googleapis.com/overview?project=784163241119","containerInfo":"784163241119"}},{"@type":"type.googleapis.com/google.rpc.LocalizedMessage","locale":"en-US","message":"Compute Engine API has not been used in project 784163241119 before or it is disabled. Enable it by visiting https://console.developers.google.com/apis/api/compute.googleapis.com/overview?project=784163241119 then retry. If you enabled this API recently, wait a few minutes for the action to propagate to our systems and retry."},{"@type":"type.googleapis.com/google.rpc.Help","links":[{"description":"Google developers console API activation","url":"https://console.developers.google.com/apis/api/compute.googleapis.com/overview?project=784163241119"}]}]}},"response":{"statusCode":403}},"exit":1,"message":"Request to https://compute.googleapis.com/compute/v1/projects/784163241119 had HTTP Error: 403, Compute Engine API has not been used in project 784163241119 before or it is disabled. Enable it by visiting https://console.developers.google.com/apis/api/compute.googleapis.com/overview?project=784163241119 then retry. If you enabled this API recently, wait a few minutes for the action to propagate to our systems and retry.","status":403}
[debug] [2026-08-01T19:24:05.255Z] Checked if tokens are valid: true, expires at: 1785615656641
[debug] [2026-08-01T19:24:05.255Z] Checked if tokens are valid: true, expires at: 1785615656641
[debug] [2026-08-01T19:24:05.255Z] >>> [apiv2][query] GET https://compute.googleapis.com/compute/v1/projects/784163241119 [none]
[debug] [2026-08-01T19:24:05.589Z] <<< [apiv2][status] GET https://compute.googleapis.com/compute/v1/projects/784163241119 403
[debug] [2026-08-01T19:24:05.589Z] <<< [apiv2][body] GET https://compute.googleapis.com/compute/v1/projects/784163241119 {"error":{"code":403,"message":"Compute Engine API has not been used in project 784163241119 before or it is disabled. Enable it by visiting https://console.developers.google.com/apis/api/compute.googleapis.com/overview?project=784163241119 then retry. If you enabled this API recently, wait a few minutes for the action to propagate to our systems and retry.","errors":[{"message":"Compute Engine API has not been used in project 784163241119 before or it is disabled. Enable it by visiting https://console.developers.google.com/apis/api/compute.googleapis.com/overview?project=784163241119 then retry. If you enabled this API recently, wait a few minutes for the action to propagate to our systems and retry.","domain":"usageLimits","reason":"accessNotConfigured","extendedHelp":"https://console.developers.google.com"}],"status":"PERMISSION_DENIED","details":[{"@type":"type.googleapis.com/google.rpc.ErrorInfo","reason":"SERVICE_DISABLED","domain":"googleapis.com","metadata":{"consumer":"projects/784163241119","service":"compute.googleapis.com","activationUrl":"https://console.developers.google.com/apis/api/compute.googleapis.com/overview?project=784163241119","serviceTitle":"Compute Engine API","containerInfo":"784163241119"}},{"@type":"type.googleapis.com/google.rpc.LocalizedMessage","locale":"en-US","message":"Compute Engine API has not been used in project 784163241119 before or it is disabled. Enable it by visiting https://console.developers.google.com/apis/api/compute.googleapis.com/overview?project=784163241119 then retry. If you enabled this API recently, wait a few minutes for the action to propagate to our systems and retry."},{"@type":"type.googleapis.com/google.rpc.Help","links":[{"description":"Google developers console API activation","url":"https://console.developers.google.com/apis/api/compute.googleapis.com/overview?project=784163241119"}]}]}}
[debug] [2026-08-01T19:24:05.589Z] unable to look up default compute service account. Falling back to 784163241119-compute@developer.gserviceaccount.com. Error: {"name":"FirebaseError","children":[],"context":{"body":{"error":{"code":403,"message":"Compute Engine API has not been used in project 784163241119 before or it is disabled. Enable it by visiting https://console.developers.google.com/apis/api/compute.googleapis.com/overview?project=784163241119 then retry. If you enabled this API recently, wait a few minutes for the action to propagate to our systems and retry.","errors":[{"message":"Compute Engine API has not been used in project 784163241119 before or it is disabled. Enable it by visiting https://console.developers.google.com/apis/api/compute.googleapis.com/overview?project=784163241119 then retry. If you enabled this API recently, wait a few minutes for the action to propagate to our systems and retry.","domain":"usageLimits","reason":"accessNotConfigured","extendedHelp":"https://console.developers.google.com"}],"status":"PERMISSION_DENIED","details":[{"@type":"type.googleapis.com/google.rpc.ErrorInfo","reason":"SERVICE_DISABLED","domain":"googleapis.com","metadata":{"consumer":"projects/784163241119","service":"compute.googleapis.com","activationUrl":"https://console.developers.google.com/apis/api/compute.googleapis.com/overview?project=784163241119","serviceTitle":"Compute Engine API","containerInfo":"784163241119"}},{"@type":"type.googleapis.com/google.rpc.LocalizedMessage","locale":"en-US","message":"Compute Engine API has not been used in project 784163241119 before or it is disabled. Enable it by visiting https://console.developers.google.com/apis/api/compute.googleapis.com/overview?project=784163241119 then retry. If you enabled this API recently, wait a few minutes for the action to propagate to our systems and retry."},{"@type":"type.googleapis.com/google.rpc.Help","links":[{"description":"Google developers console API activation","url":"https://console.developers.google.com/apis/api/compute.googleapis.com/overview?project=784163241119"}]}]}},"response":{"statusCode":403}},"exit":1,"message":"Request to https://compute.googleapis.com/compute/v1/projects/784163241119 had HTTP Error: 403, Compute Engine API has not been used in project 784163241119 before or it is disabled. Enable it by visiting https://console.developers.google.com/apis/api/compute.googleapis.com/overview?project=784163241119 then retry. If you enabled this API recently, wait a few minutes for the action to propagate to our systems and retry.","status":403}
[debug] [2026-08-01T19:24:05.589Z] Checked if tokens are valid: true, expires at: 1785615656641
[debug] [2026-08-01T19:24:05.589Z] Checked if tokens are valid: true, expires at: 1785615656641
[debug] [2026-08-01T19:24:05.590Z] >>> [apiv2][query] GET https://compute.googleapis.com/compute/v1/projects/784163241119 [none]
[debug] [2026-08-01T19:24:05.908Z] <<< [apiv2][status] GET https://compute.googleapis.com/compute/v1/projects/784163241119 403
[debug] [2026-08-01T19:24:05.908Z] <<< [apiv2][body] GET https://compute.googleapis.com/compute/v1/projects/784163241119 {"error":{"code":403,"message":"Compute Engine API has not been used in project 784163241119 before or it is disabled. Enable it by visiting https://console.developers.google.com/apis/api/compute.googleapis.com/overview?project=784163241119 then retry. If you enabled this API recently, wait a few minutes for the action to propagate to our systems and retry.","errors":[{"message":"Compute Engine API has not been used in project 784163241119 before or it is disabled. Enable it by visiting https://console.developers.google.com/apis/api/compute.googleapis.com/overview?project=784163241119 then retry. If you enabled this API recently, wait a few minutes for the action to propagate to our systems and retry.","domain":"usageLimits","reason":"accessNotConfigured","extendedHelp":"https://console.developers.google.com"}],"status":"PERMISSION_DENIED","details":[{"@type":"type.googleapis.com/google.rpc.ErrorInfo","reason":"SERVICE_DISABLED","domain":"googleapis.com","metadata":{"serviceTitle":"Compute Engine API","activationUrl":"https://console.developers.google.com/apis/api/compute.googleapis.com/overview?project=784163241119","service":"compute.googleapis.com","consumer":"projects/784163241119","containerInfo":"784163241119"}},{"@type":"type.googleapis.com/google.rpc.LocalizedMessage","locale":"en-US","message":"Compute Engine API has not been used in project 784163241119 before or it is disabled. Enable it by visiting https://console.developers.google.com/apis/api/compute.googleapis.com/overview?project=784163241119 then retry. If you enabled this API recently, wait a few minutes for the action to propagate to our systems and retry."},{"@type":"type.googleapis.com/google.rpc.Help","links":[{"description":"Google developers console API activation","url":"https://console.developers.google.com/apis/api/compute.googleapis.com/overview?project=784163241119"}]}]}}
[debug] [2026-08-01T19:24:05.909Z] unable to look up default compute service account. Falling back to 784163241119-compute@developer.gserviceaccount.com. Error: {"name":"FirebaseError","children":[],"context":{"body":{"error":{"code":403,"message":"Compute Engine API has not been used in project 784163241119 before or it is disabled. Enable it by visiting https://console.developers.google.com/apis/api/compute.googleapis.com/overview?project=784163241119 then retry. If you enabled this API recently, wait a few minutes for the action to propagate to our systems and retry.","errors":[{"message":"Compute Engine API has not been used in project 784163241119 before or it is disabled. Enable it by visiting https://console.developers.google.com/apis/api/compute.googleapis.com/overview?project=784163241119 then retry. If you enabled this API recently, wait a few minutes for the action to propagate to our systems and retry.","domain":"usageLimits","reason":"accessNotConfigured","extendedHelp":"https://console.developers.google.com"}],"status":"PERMISSION_DENIED","details":[{"@type":"type.googleapis.com/google.rpc.ErrorInfo","reason":"SERVICE_DISABLED","domain":"googleapis.com","metadata":{"serviceTitle":"Compute Engine API","activationUrl":"https://console.developers.google.com/apis/api/compute.googleapis.com/overview?project=784163241119","service":"compute.googleapis.com","consumer":"projects/784163241119","containerInfo":"784163241119"}},{"@type":"type.googleapis.com/google.rpc.LocalizedMessage","locale":"en-US","message":"Compute Engine API has not been used in project 784163241119 before or it is disabled. Enable it by visiting https://console.developers.google.com/apis/api/compute.googleapis.com/overview?project=784163241119 then retry. If you enabled this API recently, wait a few minutes for the action to propagate to our systems and retry."},{"@type":"type.googleapis.com/google.rpc.Help","links":[{"description":"Google developers console API activation","url":"https://console.developers.google.com/apis/api/compute.googleapis.com/overview?project=784163241119"}]}]}},"response":{"statusCode":403}},"exit":1,"message":"Request to https://compute.googleapis.com/compute/v1/projects/784163241119 had HTTP Error: 403, Compute Engine API has not been used in project 784163241119 before or it is disabled. Enable it by visiting https://console.developers.google.com/apis/api/compute.googleapis.com/overview?project=784163241119 then retry. If you enabled this API recently, wait a few minutes for the action to propagate to our systems and retry.","status":403}
[debug] [2026-08-01T19:24:05.910Z] Checked if tokens are valid: true, expires at: 1785615656641
[debug] [2026-08-01T19:24:05.911Z] Checked if tokens are valid: true, expires at: 1785615656641
[debug] [2026-08-01T19:24:05.911Z] >>> [apiv2][query] GET https://cloudbilling.googleapis.com/v1/projects/poruthurstores-1bb74/billingInfo [none]
[debug] [2026-08-01T19:24:05.911Z] >>> [apiv2][(partial)header] GET https://cloudbilling.googleapis.com/v1/projects/poruthurstores-1bb74/billingInfo  x-goog-user-project=poruthurstores-1bb74
[debug] [2026-08-01T19:24:06.445Z] <<< [apiv2][status] GET https://cloudbilling.googleapis.com/v1/projects/poruthurstores-1bb74/billingInfo 200
[debug] [2026-08-01T19:24:06.445Z] <<< [apiv2][body] GET https://cloudbilling.googleapis.com/v1/projects/poruthurstores-1bb74/billingInfo {"name":"projects/poruthurstores-1bb74/billingInfo","projectId":"poruthurstores-1bb74","billingAccountName":"billingAccounts/01EFD5-3E8562-EF9F15","billingEnabled":true}
[debug] [2026-08-01T19:24:06.447Z] Checked if tokens are valid: true, expires at: 1785615656641
[debug] [2026-08-01T19:24:06.447Z] Checked if tokens are valid: true, expires at: 1785615656641
[debug] [2026-08-01T19:24:06.447Z] >>> [apiv2][query] POST https://cloudfunctions.googleapis.com/v2/projects/poruthurstores-1bb74/locations/us-central1/functions:generateUploadUrl [none]
[debug] [2026-08-01T19:24:08.054Z] <<< [apiv2][status] POST https://cloudfunctions.googleapis.com/v2/projects/poruthurstores-1bb74/locations/us-central1/functions:generateUploadUrl 200
[debug] [2026-08-01T19:24:08.055Z] <<< [apiv2][body] POST https://cloudfunctions.googleapis.com/v2/projects/poruthurstores-1bb74/locations/us-central1/functions:generateUploadUrl {"uploadUrl":"https://storage.googleapis.com/gcf-v2-uploads-784163241119.us-central1.cloudfunctions.appspot.com/d0c901bc-53f5-4628-85a9-690042f153ce.zip?GoogleAccessId=service-784163241119@gcf-admin-robot.iam.gserviceaccount.com&Expires=1785614049&Signature=azsu4NcoW68csLT%2BAnDQPJx6JLfkyg1Vs5zFc3LyybIktIUQWneBRGMNtJL0G89qIzbmT3L2UDk3JMOoHpXflWTA7y%2F1P4oqQiFa9yPzrI0tbdXSYrSR6%2F%2Fqp9sClaA4kxlD6PEU%2BeW0K%2FBWdkzk9K940WO5s20ltIZaIQEFrqc%2BJvAniChCDUQIcJQzE7uURTv%2BOqO%2FxpkiTdw23yWi8RLEHkdvHMtEmaz2%2FnwavJ4iyj5HEseYhDspx6WT7WnASjpPJoEtUFzmrXeyUlt9kdifcohADJaL%2F3OjDSrEZ5A3U3Q5nYJf6SzWlXlXhpdH8ltpW%2Flj8RQBRlOyxAiNjA%3D%3D","storageSource":{"bucket":"gcf-v2-uploads-784163241119.us-central1.cloudfunctions.appspot.com","object":"d0c901bc-53f5-4628-85a9-690042f153ce.zip"}}
[debug] [2026-08-01T19:24:08.055Z] >>> [apiv2][query] PUT https://storage.googleapis.com/gcf-v2-uploads-784163241119.us-central1.cloudfunctions.appspot.com/d0c901bc-53f5-4628-85a9-690042f153ce.zip GoogleAccessId=service-784163241119%40gcf-admin-robot.iam.gserviceaccount.com&Expires=1785614049&Signature=azsu4NcoW68csLT%2BAnDQPJx6JLfkyg1Vs5zFc3LyybIktIUQWneBRGMNtJL0G89qIzbmT3L2UDk3JMOoHpXflWTA7y%2F1P4oqQiFa9yPzrI0tbdXSYrSR6%2F%2Fqp9sClaA4kxlD6PEU%2BeW0K%2FBWdkzk9K940WO5s20ltIZaIQEFrqc%2BJvAniChCDUQIcJQzE7uURTv%2BOqO%2FxpkiTdw23yWi8RLEHkdvHMtEmaz2%2FnwavJ4iyj5HEseYhDspx6WT7WnASjpPJoEtUFzmrXeyUlt9kdifcohADJaL%2F3OjDSrEZ5A3U3Q5nYJf6SzWlXlXhpdH8ltpW%2Flj8RQBRlOyxAiNjA%3D%3D
[debug] [2026-08-01T19:24:08.056Z] >>> [apiv2][body] PUT https://storage.googleapis.com/gcf-v2-uploads-784163241119.us-central1.cloudfunctions.appspot.com/d0c901bc-53f5-4628-85a9-690042f153ce.zip [stream]
[debug] [2026-08-01T19:24:11.475Z] <<< [apiv2][status] PUT https://storage.googleapis.com/gcf-v2-uploads-784163241119.us-central1.cloudfunctions.appspot.com/d0c901bc-53f5-4628-85a9-690042f153ce.zip 200
[debug] [2026-08-01T19:24:11.475Z] <<< [apiv2][body] PUT https://storage.googleapis.com/gcf-v2-uploads-784163241119.us-central1.cloudfunctions.appspot.com/d0c901bc-53f5-4628-85a9-690042f153ce.zip [omitted]
[info] +  functions: functions source uploaded successfully 
[info] 
The following functions are found in your project but do not exist in your local source code:
	processNewOrder(asia-south1)
	restoreStockAfterCancellation(asia-south1)

If you are renaming a function or changing its region, it is recommended that you create the new function first before deleting the old one to prevent event loss. For more info, visit https://firebase.google.com/docs/functions/manage-functions#modify

[info] i  functions: updating Node.js 22 (2nd Gen) function createOrder(us-central1)... 
[info] i  functions: updating Node.js 22 (2nd Gen) function cancelOrder(us-central1)... 
[debug] [2026-08-01T19:24:13.968Z] Checked if tokens are valid: true, expires at: 1785615656641
[debug] [2026-08-01T19:24:13.968Z] Checked if tokens are valid: true, expires at: 1785615656641
[debug] [2026-08-01T19:24:13.968Z] >>> [apiv2][query] PATCH https://cloudfunctions.googleapis.com/v2/projects/poruthurstores-1bb74/locations/us-central1/functions/createOrder updateMask=name%2CbuildConfig.runtime%2CbuildConfig.entryPoint%2CbuildConfig.source.storageSource.bucket%2CbuildConfig.source.storageSource.object%2CbuildConfig.environmentVariables%2CbuildConfig.sourceToken%2CserviceConfig.environmentVariables%2CserviceConfig.ingressSettings%2CserviceConfig.timeoutSeconds%2CserviceConfig.serviceAccountEmail%2CserviceConfig.availableMemory%2CserviceConfig.minInstanceCount%2CserviceConfig.maxInstanceCount%2CserviceConfig.maxInstanceRequestConcurrency%2CserviceConfig.availableCpu%2CserviceConfig.vpcConnector%2CserviceConfig.vpcConnectorEgressSettings%2CserviceConfig.directVpcNetworkInterface%2CserviceConfig.directVpcEgress%2Clabels
[debug] [2026-08-01T19:24:13.968Z] >>> [apiv2][body] PATCH https://cloudfunctions.googleapis.com/v2/projects/poruthurstores-1bb74/locations/us-central1/functions/createOrder {"name":"projects/poruthurstores-1bb74/locations/us-central1/functions/createOrder","buildConfig":{"runtime":"nodejs22","entryPoint":"createOrder","source":{"storageSource":{"bucket":"gcf-v2-uploads-784163241119.us-central1.cloudfunctions.appspot.com","object":"d0c901bc-53f5-4628-85a9-690042f153ce.zip"}},"environmentVariables":{"GOOGLE_NODE_RUN_SCRIPTS":""}},"serviceConfig":{"environmentVariables":{"FIREBASE_CONFIG":"{\"projectId\":\"poruthurstores-1bb74\",\"storageBucket\":\"poruthurstores-1bb74.firebasestorage.app\"}","GCLOUD_PROJECT":"poruthurstores-1bb74","EVENTARC_CLOUD_EVENT_SOURCE":"projects/poruthurstores-1bb74/locations/us-central1/services/createOrder","FUNCTION_REGION":"us-central1","FUNCTION_TARGET":"createOrder","LOG_EXECUTION_ID":"true"},"ingressSettings":null,"timeoutSeconds":null,"serviceAccountEmail":null,"availableMemory":"256Mi","minInstanceCount":null,"maxInstanceCount":null,"maxInstanceRequestConcurrency":80,"availableCpu":"1","vpcConnector":null,"vpcConnectorEgressSettings":null,"directVpcNetworkInterface":null,"directVpcEgress":null},"labels":{"deployment-tool":"cli-firebase","deployment-callable":"true","firebase-functions-hash":"42b478bc6a4d47cad11577267a996852cc234973"}}
[debug] [2026-08-01T19:24:16.542Z] <<< [apiv2][status] PATCH https://cloudfunctions.googleapis.com/v2/projects/poruthurstores-1bb74/locations/us-central1/functions/createOrder 200
[debug] [2026-08-01T19:24:16.543Z] <<< [apiv2][body] PATCH https://cloudfunctions.googleapis.com/v2/projects/poruthurstores-1bb74/locations/us-central1/functions/createOrder {"name":"projects/poruthurstores-1bb74/locations/us-central1/operations/operation-1785612256898-6580140476cb4-ce98b9fe-45feda8e","metadata":{"@type":"type.googleapis.com/google.cloud.functions.v2.OperationMetadata","createTime":"2026-08-01T19:24:17.644812047Z","target":"projects/poruthurstores-1bb74/locations/us-central1/functions/createOrder","verb":"update","cancelRequested":false,"apiVersion":"v2"},"done":false}
[debug] [2026-08-01T19:24:16.543Z] Checked if tokens are valid: true, expires at: 1785615656641
[debug] [2026-08-01T19:24:16.544Z] Checked if tokens are valid: true, expires at: 1785615656641
[debug] [2026-08-01T19:24:16.544Z] >>> [apiv2][query] GET https://cloudfunctions.googleapis.com/v2/projects/poruthurstores-1bb74/locations/us-central1/operations/operation-1785612256898-6580140476cb4-ce98b9fe-45feda8e [none]
[debug] [2026-08-01T19:24:17.901Z] <<< [apiv2][status] GET https://cloudfunctions.googleapis.com/v2/projects/poruthurstores-1bb74/locations/us-central1/operations/operation-1785612256898-6580140476cb4-ce98b9fe-45feda8e 200
[debug] [2026-08-01T19:24:17.901Z] <<< [apiv2][body] GET https://cloudfunctions.googleapis.com/v2/projects/poruthurstores-1bb74/locations/us-central1/operations/operation-1785612256898-6580140476cb4-ce98b9fe-45feda8e {"name":"projects/poruthurstores-1bb74/locations/us-central1/operations/operation-1785612256898-6580140476cb4-ce98b9fe-45feda8e","metadata":{"@type":"type.googleapis.com/google.cloud.functions.v2.OperationMetadata","createTime":"2026-08-01T19:24:17.644812047Z","target":"projects/poruthurstores-1bb74/locations/us-central1/functions/createOrder","verb":"update","cancelRequested":false,"apiVersion":"v2","requestResource":{"@type":"type.googleapis.com/google.cloud.functions.v2.Function","name":"projects/poruthurstores-1bb74/locations/us-central1/functions/createOrder","buildConfig":{"runtime":"nodejs22","entryPoint":"createOrder","source":{"storageSource":{"bucket":"gcf-v2-sources-784163241119-us-central1","object":"createOrder/function-source.zip","generation":"1785612257601975"}},"environmentVariables":{"GOOGLE_NODE_RUN_SCRIPTS":""},"dockerRepository":"projects/poruthurstores-1bb74/locations/us-central1/repositories/gcf-artifacts","sourceProvenance":{"resolvedStorageSource":{"bucket":"gcf-v2-sources-784163241119-us-central1","object":"createOrder/function-source.zip","generation":"1785612114345135"}},"dockerRegistry":"ARTIFACT_REGISTRY","serviceAccount":"projects/poruthurstores-1bb74/serviceAccounts/784163241119-compute@developer.gserviceaccount.com","automaticUpdatePolicy":{}},"serviceConfig":{"service":"projects/poruthurstores-1bb74/locations/us-central1/services/createorder","timeoutSeconds":60,"environmentVariables":{"FIREBASE_CONFIG":"{\"projectId\":\"poruthurstores-1bb74\",\"storageBucket\":\"poruthurstores-1bb74.firebasestorage.app\"}","GCLOUD_PROJECT":"poruthurstores-1bb74","EVENTARC_CLOUD_EVENT_SOURCE":"projects/poruthurstores-1bb74/locations/us-central1/services/createOrder","FUNCTION_REGION":"us-central1","FUNCTION_TARGET":"createOrder","LOG_EXECUTION_ID":"true"},"ingressSettings":"ALLOW_ALL","serviceAccountEmail":"784163241119-compute@developer.gserviceaccount.com","availableMemory":"256Mi","maxInstanceRequestConcurrency":80,"availableCpu":"1"},"state":"FAILED","labels":{"deployment-callable":"true","firebase-functions-hash":"42b478bc6a4d47cad11577267a996852cc234973"},"stateMessages":[{"severity":"ERROR","type":"CloudRunServiceNotFound","message":"Cloud Run service projects/poruthurstores-1bb74/locations/us-central1/services/createorder for the function was not found. The function will not work correctly. Please redeploy."}],"environment":"GEN_2","url":"https://us-central1-poruthurstores-1bb74.cloudfunctions.net/createOrder","satisfiesPzi":true},"stages":[{"name":"BUILD","message":"Build in progress","state":"IN_PROGRESS","resource":"projects/784163241119/locations/us-central1/builds/0085fe9f-3fdd-4ef8-9c24-12e5b3ca433a","resourceUri":"https://console.cloud.google.com/cloud-build/builds;region=us-central1/0085fe9f-3fdd-4ef8-9c24-12e5b3ca433a?project=784163241119"},{"name":"SERVICE","state":"NOT_STARTED"}],"operationType":"UPDATE_FUNCTION","buildName":"projects/784163241119/locations/us-central1/builds/0085fe9f-3fdd-4ef8-9c24-12e5b3ca433a"},"done":false}
[debug] [2026-08-01T19:24:18.401Z] [update-default-us-central1-createOrder] Retrying task index 0
[debug] [2026-08-01T19:24:18.402Z] Checked if tokens are valid: true, expires at: 1785615656641
[debug] [2026-08-01T19:24:18.402Z] Checked if tokens are valid: true, expires at: 1785615656641
[debug] [2026-08-01T19:24:18.403Z] >>> [apiv2][query] GET https://cloudfunctions.googleapis.com/v2/projects/poruthurstores-1bb74/locations/us-central1/operations/operation-1785612256898-6580140476cb4-ce98b9fe-45feda8e [none]
[debug] [2026-08-01T19:24:19.767Z] <<< [apiv2][status] GET https://cloudfunctions.googleapis.com/v2/projects/poruthurstores-1bb74/locations/us-central1/operations/operation-1785612256898-6580140476cb4-ce98b9fe-45feda8e 200
[debug] [2026-08-01T19:24:19.768Z] <<< [apiv2][body] GET https://cloudfunctions.googleapis.com/v2/projects/poruthurstores-1bb74/locations/us-central1/operations/operation-1785612256898-6580140476cb4-ce98b9fe-45feda8e {"name":"projects/poruthurstores-1bb74/locations/us-central1/operations/operation-1785612256898-6580140476cb4-ce98b9fe-45feda8e","metadata":{"@type":"type.googleapis.com/google.cloud.functions.v2.OperationMetadata","createTime":"2026-08-01T19:24:17.644812047Z","target":"projects/poruthurstores-1bb74/locations/us-central1/functions/createOrder","verb":"update","cancelRequested":false,"apiVersion":"v2","requestResource":{"@type":"type.googleapis.com/google.cloud.functions.v2.Function","name":"projects/poruthurstores-1bb74/locations/us-central1/functions/createOrder","buildConfig":{"runtime":"nodejs22","entryPoint":"createOrder","source":{"storageSource":{"bucket":"gcf-v2-sources-784163241119-us-central1","object":"createOrder/function-source.zip","generation":"1785612257601975"}},"environmentVariables":{"GOOGLE_NODE_RUN_SCRIPTS":""},"dockerRepository":"projects/poruthurstores-1bb74/locations/us-central1/repositories/gcf-artifacts","sourceProvenance":{"resolvedStorageSource":{"bucket":"gcf-v2-sources-784163241119-us-central1","object":"createOrder/function-source.zip","generation":"1785612114345135"}},"dockerRegistry":"ARTIFACT_REGISTRY","serviceAccount":"projects/poruthurstores-1bb74/serviceAccounts/784163241119-compute@developer.gserviceaccount.com","automaticUpdatePolicy":{}},"serviceConfig":{"service":"projects/poruthurstores-1bb74/locations/us-central1/services/createorder","timeoutSeconds":60,"environmentVariables":{"FIREBASE_CONFIG":"{\"projectId\":\"poruthurstores-1bb74\",\"storageBucket\":\"poruthurstores-1bb74.firebasestorage.app\"}","GCLOUD_PROJECT":"poruthurstores-1bb74","EVENTARC_CLOUD_EVENT_SOURCE":"projects/poruthurstores-1bb74/locations/us-central1/services/createOrder","FUNCTION_REGION":"us-central1","FUNCTION_TARGET":"createOrder","LOG_EXECUTION_ID":"true"},"ingressSettings":"ALLOW_ALL","serviceAccountEmail":"784163241119-compute@developer.gserviceaccount.com","availableMemory":"256Mi","maxInstanceRequestConcurrency":80,"availableCpu":"1"},"state":"FAILED","labels":{"deployment-callable":"true","firebase-functions-hash":"42b478bc6a4d47cad11577267a996852cc234973"},"stateMessages":[{"severity":"ERROR","type":"CloudRunServiceNotFound","message":"Cloud Run service projects/poruthurstores-1bb74/locations/us-central1/services/createorder for the function was not found. The function will not work correctly. Please redeploy."}],"environment":"GEN_2","url":"https://us-central1-poruthurstores-1bb74.cloudfunctions.net/createOrder","satisfiesPzi":true},"stages":[{"name":"BUILD","message":"Build in progress","state":"IN_PROGRESS","resource":"projects/784163241119/locations/us-central1/builds/0085fe9f-3fdd-4ef8-9c24-12e5b3ca433a","resourceUri":"https://console.cloud.google.com/cloud-build/builds;region=us-central1/0085fe9f-3fdd-4ef8-9c24-12e5b3ca433a?project=784163241119"},{"name":"SERVICE","state":"NOT_STARTED"}],"operationType":"UPDATE_FUNCTION","buildName":"projects/784163241119/locations/us-central1/builds/0085fe9f-3fdd-4ef8-9c24-12e5b3ca433a"},"done":false}
[debug] [2026-08-01T19:24:20.773Z] [update-default-us-central1-createOrder] Retrying task index 0
[debug] [2026-08-01T19:24:20.775Z] Checked if tokens are valid: true, expires at: 1785615656641
[debug] [2026-08-01T19:24:20.775Z] Checked if tokens are valid: true, expires at: 1785615656641
[debug] [2026-08-01T19:24:20.775Z] >>> [apiv2][query] GET https://cloudfunctions.googleapis.com/v2/projects/poruthurstores-1bb74/locations/us-central1/operations/operation-1785612256898-6580140476cb4-ce98b9fe-45feda8e [none]
[debug] [2026-08-01T19:24:22.120Z] <<< [apiv2][status] GET https://cloudfunctions.googleapis.com/v2/projects/poruthurstores-1bb74/locations/us-central1/operations/operation-1785612256898-6580140476cb4-ce98b9fe-45feda8e 200
[debug] [2026-08-01T19:24:22.120Z] <<< [apiv2][body] GET https://cloudfunctions.googleapis.com/v2/projects/poruthurstores-1bb74/locations/us-central1/operations/operation-1785612256898-6580140476cb4-ce98b9fe-45feda8e {"name":"projects/poruthurstores-1bb74/locations/us-central1/operations/operation-1785612256898-6580140476cb4-ce98b9fe-45feda8e","metadata":{"@type":"type.googleapis.com/google.cloud.functions.v2.OperationMetadata","createTime":"2026-08-01T19:24:17.644812047Z","target":"projects/poruthurstores-1bb74/locations/us-central1/functions/createOrder","verb":"update","cancelRequested":false,"apiVersion":"v2","requestResource":{"@type":"type.googleapis.com/google.cloud.functions.v2.Function","name":"projects/poruthurstores-1bb74/locations/us-central1/functions/createOrder","buildConfig":{"runtime":"nodejs22","entryPoint":"createOrder","source":{"storageSource":{"bucket":"gcf-v2-sources-784163241119-us-central1","object":"createOrder/function-source.zip","generation":"1785612257601975"}},"environmentVariables":{"GOOGLE_NODE_RUN_SCRIPTS":""},"dockerRepository":"projects/poruthurstores-1bb74/locations/us-central1/repositories/gcf-artifacts","sourceProvenance":{"resolvedStorageSource":{"bucket":"gcf-v2-sources-784163241119-us-central1","object":"createOrder/function-source.zip","generation":"1785612114345135"}},"dockerRegistry":"ARTIFACT_REGISTRY","serviceAccount":"projects/poruthurstores-1bb74/serviceAccounts/784163241119-compute@developer.gserviceaccount.com","automaticUpdatePolicy":{}},"serviceConfig":{"service":"projects/poruthurstores-1bb74/locations/us-central1/services/createorder","timeoutSeconds":60,"environmentVariables":{"FIREBASE_CONFIG":"{\"projectId\":\"poruthurstores-1bb74\",\"storageBucket\":\"poruthurstores-1bb74.firebasestorage.app\"}","GCLOUD_PROJECT":"poruthurstores-1bb74","EVENTARC_CLOUD_EVENT_SOURCE":"projects/poruthurstores-1bb74/locations/us-central1/services/createOrder","FUNCTION_REGION":"us-central1","FUNCTION_TARGET":"createOrder","LOG_EXECUTION_ID":"true"},"ingressSettings":"ALLOW_ALL","serviceAccountEmail":"784163241119-compute@developer.gserviceaccount.com","availableMemory":"256Mi","maxInstanceRequestConcurrency":80,"availableCpu":"1"},"state":"FAILED","labels":{"deployment-callable":"true","firebase-functions-hash":"42b478bc6a4d47cad11577267a996852cc234973"},"stateMessages":[{"severity":"ERROR","type":"CloudRunServiceNotFound","message":"Cloud Run service projects/poruthurstores-1bb74/locations/us-central1/services/createorder for the function was not found. The function will not work correctly. Please redeploy."}],"environment":"GEN_2","url":"https://us-central1-poruthurstores-1bb74.cloudfunctions.net/createOrder","satisfiesPzi":true},"stages":[{"name":"BUILD","message":"Build in progress","state":"IN_PROGRESS","resource":"projects/784163241119/locations/us-central1/builds/0085fe9f-3fdd-4ef8-9c24-12e5b3ca433a","resourceUri":"https://console.cloud.google.com/cloud-build/builds;region=us-central1/0085fe9f-3fdd-4ef8-9c24-12e5b3ca433a?project=784163241119"},{"name":"SERVICE","state":"NOT_STARTED"}],"operationType":"UPDATE_FUNCTION","buildName":"projects/784163241119/locations/us-central1/builds/0085fe9f-3fdd-4ef8-9c24-12e5b3ca433a"},"done":false}
[debug] [2026-08-01T19:24:24.124Z] [update-default-us-central1-createOrder] Retrying task index 0
[debug] [2026-08-01T19:24:24.125Z] Checked if tokens are valid: true, expires at: 1785615656641
[debug] [2026-08-01T19:24:24.125Z] Checked if tokens are valid: true, expires at: 1785615656641
[debug] [2026-08-01T19:24:24.126Z] >>> [apiv2][query] GET https://cloudfunctions.googleapis.com/v2/projects/poruthurstores-1bb74/locations/us-central1/operations/operation-1785612256898-6580140476cb4-ce98b9fe-45feda8e [none]
[debug] [2026-08-01T19:24:25.470Z] <<< [apiv2][status] GET https://cloudfunctions.googleapis.com/v2/projects/poruthurstores-1bb74/locations/us-central1/operations/operation-1785612256898-6580140476cb4-ce98b9fe-45feda8e 200
[debug] [2026-08-01T19:24:25.470Z] <<< [apiv2][body] GET https://cloudfunctions.googleapis.com/v2/projects/poruthurstores-1bb74/locations/us-central1/operations/operation-1785612256898-6580140476cb4-ce98b9fe-45feda8e {"name":"projects/poruthurstores-1bb74/locations/us-central1/operations/operation-1785612256898-6580140476cb4-ce98b9fe-45feda8e","metadata":{"@type":"type.googleapis.com/google.cloud.functions.v2.OperationMetadata","createTime":"2026-08-01T19:24:17.644812047Z","target":"projects/poruthurstores-1bb74/locations/us-central1/functions/createOrder","verb":"update","cancelRequested":false,"apiVersion":"v2","requestResource":{"@type":"type.googleapis.com/google.cloud.functions.v2.Function","name":"projects/poruthurstores-1bb74/locations/us-central1/functions/createOrder","buildConfig":{"runtime":"nodejs22","entryPoint":"createOrder","source":{"storageSource":{"bucket":"gcf-v2-sources-784163241119-us-central1","object":"createOrder/function-source.zip","generation":"1785612257601975"}},"environmentVariables":{"GOOGLE_NODE_RUN_SCRIPTS":""},"dockerRepository":"projects/poruthurstores-1bb74/locations/us-central1/repositories/gcf-artifacts","sourceProvenance":{"resolvedStorageSource":{"bucket":"gcf-v2-sources-784163241119-us-central1","object":"createOrder/function-source.zip","generation":"1785612114345135"}},"dockerRegistry":"ARTIFACT_REGISTRY","serviceAccount":"projects/poruthurstores-1bb74/serviceAccounts/784163241119-compute@developer.gserviceaccount.com","automaticUpdatePolicy":{}},"serviceConfig":{"service":"projects/poruthurstores-1bb74/locations/us-central1/services/createorder","timeoutSeconds":60,"environmentVariables":{"FIREBASE_CONFIG":"{\"projectId\":\"poruthurstores-1bb74\",\"storageBucket\":\"poruthurstores-1bb74.firebasestorage.app\"}","GCLOUD_PROJECT":"poruthurstores-1bb74","EVENTARC_CLOUD_EVENT_SOURCE":"projects/poruthurstores-1bb74/locations/us-central1/services/createOrder","FUNCTION_REGION":"us-central1","FUNCTION_TARGET":"createOrder","LOG_EXECUTION_ID":"true"},"ingressSettings":"ALLOW_ALL","serviceAccountEmail":"784163241119-compute@developer.gserviceaccount.com","availableMemory":"256Mi","maxInstanceRequestConcurrency":80,"availableCpu":"1"},"state":"FAILED","labels":{"deployment-callable":"true","firebase-functions-hash":"42b478bc6a4d47cad11577267a996852cc234973"},"stateMessages":[{"severity":"ERROR","type":"CloudRunServiceNotFound","message":"Cloud Run service projects/poruthurstores-1bb74/locations/us-central1/services/createorder for the function was not found. The function will not work correctly. Please redeploy."}],"environment":"GEN_2","url":"https://us-central1-poruthurstores-1bb74.cloudfunctions.net/createOrder","satisfiesPzi":true},"stages":[{"name":"BUILD","message":"Build in progress","state":"IN_PROGRESS","resource":"projects/784163241119/locations/us-central1/builds/0085fe9f-3fdd-4ef8-9c24-12e5b3ca433a","resourceUri":"https://console.cloud.google.com/cloud-build/builds;region=us-central1/0085fe9f-3fdd-4ef8-9c24-12e5b3ca433a?project=784163241119"},{"name":"SERVICE","state":"NOT_STARTED"}],"operationType":"UPDATE_FUNCTION","buildName":"projects/784163241119/locations/us-central1/builds/0085fe9f-3fdd-4ef8-9c24-12e5b3ca433a"},"done":false}
[debug] [2026-08-01T19:24:29.472Z] [update-default-us-central1-createOrder] Retrying task index 0
[debug] [2026-08-01T19:24:29.473Z] Checked if tokens are valid: true, expires at: 1785615656641
[debug] [2026-08-01T19:24:29.473Z] Checked if tokens are valid: true, expires at: 1785615656641
[debug] [2026-08-01T19:24:29.473Z] >>> [apiv2][query] GET https://cloudfunctions.googleapis.com/v2/projects/poruthurstores-1bb74/locations/us-central1/operations/operation-1785612256898-6580140476cb4-ce98b9fe-45feda8e [none]
[debug] [2026-08-01T19:24:31.228Z] <<< [apiv2][status] GET https://cloudfunctions.googleapis.com/v2/projects/poruthurstores-1bb74/locations/us-central1/operations/operation-1785612256898-6580140476cb4-ce98b9fe-45feda8e 200
[debug] [2026-08-01T19:24:31.228Z] <<< [apiv2][body] GET https://cloudfunctions.googleapis.com/v2/projects/poruthurstores-1bb74/locations/us-central1/operations/operation-1785612256898-6580140476cb4-ce98b9fe-45feda8e {"name":"projects/poruthurstores-1bb74/locations/us-central1/operations/operation-1785612256898-6580140476cb4-ce98b9fe-45feda8e","metadata":{"@type":"type.googleapis.com/google.cloud.functions.v2.OperationMetadata","createTime":"2026-08-01T19:24:17.644812047Z","target":"projects/poruthurstores-1bb74/locations/us-central1/functions/createOrder","verb":"update","cancelRequested":false,"apiVersion":"v2","requestResource":{"@type":"type.googleapis.com/google.cloud.functions.v2.Function","name":"projects/poruthurstores-1bb74/locations/us-central1/functions/createOrder","buildConfig":{"runtime":"nodejs22","entryPoint":"createOrder","source":{"storageSource":{"bucket":"gcf-v2-sources-784163241119-us-central1","object":"createOrder/function-source.zip","generation":"1785612257601975"}},"environmentVariables":{"GOOGLE_NODE_RUN_SCRIPTS":""},"dockerRepository":"projects/poruthurstores-1bb74/locations/us-central1/repositories/gcf-artifacts","sourceProvenance":{"resolvedStorageSource":{"bucket":"gcf-v2-sources-784163241119-us-central1","object":"createOrder/function-source.zip","generation":"1785612114345135"}},"dockerRegistry":"ARTIFACT_REGISTRY","serviceAccount":"projects/poruthurstores-1bb74/serviceAccounts/784163241119-compute@developer.gserviceaccount.com","automaticUpdatePolicy":{}},"serviceConfig":{"service":"projects/poruthurstores-1bb74/locations/us-central1/services/createorder","timeoutSeconds":60,"environmentVariables":{"FIREBASE_CONFIG":"{\"projectId\":\"poruthurstores-1bb74\",\"storageBucket\":\"poruthurstores-1bb74.firebasestorage.app\"}","GCLOUD_PROJECT":"poruthurstores-1bb74","EVENTARC_CLOUD_EVENT_SOURCE":"projects/poruthurstores-1bb74/locations/us-central1/services/createOrder","FUNCTION_REGION":"us-central1","FUNCTION_TARGET":"createOrder","LOG_EXECUTION_ID":"true"},"ingressSettings":"ALLOW_ALL","serviceAccountEmail":"784163241119-compute@developer.gserviceaccount.com","availableMemory":"256Mi","maxInstanceRequestConcurrency":80,"availableCpu":"1"},"state":"FAILED","labels":{"deployment-callable":"true","firebase-functions-hash":"42b478bc6a4d47cad11577267a996852cc234973"},"stateMessages":[{"severity":"ERROR","type":"CloudRunServiceNotFound","message":"Cloud Run service projects/poruthurstores-1bb74/locations/us-central1/services/createorder for the function was not found. The function will not work correctly. Please redeploy."}],"environment":"GEN_2","url":"https://us-central1-poruthurstores-1bb74.cloudfunctions.net/createOrder","satisfiesPzi":true},"stages":[{"name":"BUILD","message":"Build in progress","state":"IN_PROGRESS","resource":"projects/784163241119/locations/us-central1/builds/0085fe9f-3fdd-4ef8-9c24-12e5b3ca433a","resourceUri":"https://console.cloud.google.com/cloud-build/builds;region=us-central1/0085fe9f-3fdd-4ef8-9c24-12e5b3ca433a?project=784163241119"},{"name":"SERVICE","state":"NOT_STARTED"}],"operationType":"UPDATE_FUNCTION","buildName":"projects/784163241119/locations/us-central1/builds/0085fe9f-3fdd-4ef8-9c24-12e5b3ca433a"},"done":false}
[debug] [2026-08-01T19:24:39.228Z] [update-default-us-central1-createOrder] Retrying task index 0
[debug] [2026-08-01T19:24:39.229Z] Checked if tokens are valid: true, expires at: 1785615656641
[debug] [2026-08-01T19:24:39.229Z] Checked if tokens are valid: true, expires at: 1785615656641
[debug] [2026-08-01T19:24:39.229Z] >>> [apiv2][query] GET https://cloudfunctions.googleapis.com/v2/projects/poruthurstores-1bb74/locations/us-central1/operations/operation-1785612256898-6580140476cb4-ce98b9fe-45feda8e [none]
[debug] [2026-08-01T19:24:40.744Z] <<< [apiv2][status] GET https://cloudfunctions.googleapis.com/v2/projects/poruthurstores-1bb74/locations/us-central1/operations/operation-1785612256898-6580140476cb4-ce98b9fe-45feda8e 200
[debug] [2026-08-01T19:24:40.744Z] <<< [apiv2][body] GET https://cloudfunctions.googleapis.com/v2/projects/poruthurstores-1bb74/locations/us-central1/operations/operation-1785612256898-6580140476cb4-ce98b9fe-45feda8e {"name":"projects/poruthurstores-1bb74/locations/us-central1/operations/operation-1785612256898-6580140476cb4-ce98b9fe-45feda8e","metadata":{"@type":"type.googleapis.com/google.cloud.functions.v2.OperationMetadata","createTime":"2026-08-01T19:24:17.644812047Z","target":"projects/poruthurstores-1bb74/locations/us-central1/functions/createOrder","verb":"update","cancelRequested":false,"apiVersion":"v2","requestResource":{"@type":"type.googleapis.com/google.cloud.functions.v2.Function","name":"projects/poruthurstores-1bb74/locations/us-central1/functions/createOrder","buildConfig":{"runtime":"nodejs22","entryPoint":"createOrder","source":{"storageSource":{"bucket":"gcf-v2-sources-784163241119-us-central1","object":"createOrder/function-source.zip","generation":"1785612257601975"}},"environmentVariables":{"GOOGLE_NODE_RUN_SCRIPTS":""},"dockerRepository":"projects/poruthurstores-1bb74/locations/us-central1/repositories/gcf-artifacts","sourceProvenance":{"resolvedStorageSource":{"bucket":"gcf-v2-sources-784163241119-us-central1","object":"createOrder/function-source.zip","generation":"1785612114345135"}},"dockerRegistry":"ARTIFACT_REGISTRY","serviceAccount":"projects/poruthurstores-1bb74/serviceAccounts/784163241119-compute@developer.gserviceaccount.com","automaticUpdatePolicy":{}},"serviceConfig":{"service":"projects/poruthurstores-1bb74/locations/us-central1/services/createorder","timeoutSeconds":60,"environmentVariables":{"FIREBASE_CONFIG":"{\"projectId\":\"poruthurstores-1bb74\",\"storageBucket\":\"poruthurstores-1bb74.firebasestorage.app\"}","GCLOUD_PROJECT":"poruthurstores-1bb74","EVENTARC_CLOUD_EVENT_SOURCE":"projects/poruthurstores-1bb74/locations/us-central1/services/createOrder","FUNCTION_REGION":"us-central1","FUNCTION_TARGET":"createOrder","LOG_EXECUTION_ID":"true"},"ingressSettings":"ALLOW_ALL","serviceAccountEmail":"784163241119-compute@developer.gserviceaccount.com","availableMemory":"256Mi","maxInstanceRequestConcurrency":80,"availableCpu":"1"},"state":"FAILED","labels":{"deployment-callable":"true","firebase-functions-hash":"42b478bc6a4d47cad11577267a996852cc234973"},"stateMessages":[{"severity":"ERROR","type":"CloudRunServiceNotFound","message":"Cloud Run service projects/poruthurstores-1bb74/locations/us-central1/services/createorder for the function was not found. The function will not work correctly. Please redeploy."}],"environment":"GEN_2","url":"https://us-central1-poruthurstores-1bb74.cloudfunctions.net/createOrder","satisfiesPzi":true},"stages":[{"name":"BUILD","message":"Build in progress","state":"IN_PROGRESS","resource":"projects/784163241119/locations/us-central1/builds/0085fe9f-3fdd-4ef8-9c24-12e5b3ca433a","resourceUri":"https://console.cloud.google.com/cloud-build/builds;region=us-central1/0085fe9f-3fdd-4ef8-9c24-12e5b3ca433a?project=784163241119"},{"name":"SERVICE","state":"NOT_STARTED"}],"operationType":"UPDATE_FUNCTION","buildName":"projects/784163241119/locations/us-central1/builds/0085fe9f-3fdd-4ef8-9c24-12e5b3ca433a"},"done":false}
[debug] [2026-08-01T19:24:50.751Z] [update-default-us-central1-createOrder] Retrying task index 0
[debug] [2026-08-01T19:24:50.752Z] Checked if tokens are valid: true, expires at: 1785615656641
[debug] [2026-08-01T19:24:50.752Z] Checked if tokens are valid: true, expires at: 1785615656641
[debug] [2026-08-01T19:24:50.752Z] >>> [apiv2][query] GET https://cloudfunctions.googleapis.com/v2/projects/poruthurstores-1bb74/locations/us-central1/operations/operation-1785612256898-6580140476cb4-ce98b9fe-45feda8e [none]
[debug] [2026-08-01T19:24:52.272Z] <<< [apiv2][status] GET https://cloudfunctions.googleapis.com/v2/projects/poruthurstores-1bb74/locations/us-central1/operations/operation-1785612256898-6580140476cb4-ce98b9fe-45feda8e 200
[debug] [2026-08-01T19:24:52.272Z] <<< [apiv2][body] GET https://cloudfunctions.googleapis.com/v2/projects/poruthurstores-1bb74/locations/us-central1/operations/operation-1785612256898-6580140476cb4-ce98b9fe-45feda8e {"name":"projects/poruthurstores-1bb74/locations/us-central1/operations/operation-1785612256898-6580140476cb4-ce98b9fe-45feda8e","metadata":{"@type":"type.googleapis.com/google.cloud.functions.v2.OperationMetadata","createTime":"2026-08-01T19:24:17.644812047Z","target":"projects/poruthurstores-1bb74/locations/us-central1/functions/createOrder","verb":"update","cancelRequested":false,"apiVersion":"v2","requestResource":{"@type":"type.googleapis.com/google.cloud.functions.v2.Function","name":"projects/poruthurstores-1bb74/locations/us-central1/functions/createOrder","buildConfig":{"runtime":"nodejs22","entryPoint":"createOrder","source":{"storageSource":{"bucket":"gcf-v2-sources-784163241119-us-central1","object":"createOrder/function-source.zip","generation":"1785612257601975"}},"environmentVariables":{"GOOGLE_NODE_RUN_SCRIPTS":""},"dockerRepository":"projects/poruthurstores-1bb74/locations/us-central1/repositories/gcf-artifacts","sourceProvenance":{"resolvedStorageSource":{"bucket":"gcf-v2-sources-784163241119-us-central1","object":"createOrder/function-source.zip","generation":"1785612114345135"}},"dockerRegistry":"ARTIFACT_REGISTRY","serviceAccount":"projects/poruthurstores-1bb74/serviceAccounts/784163241119-compute@developer.gserviceaccount.com","automaticUpdatePolicy":{}},"serviceConfig":{"service":"projects/poruthurstores-1bb74/locations/us-central1/services/createorder","timeoutSeconds":60,"environmentVariables":{"FIREBASE_CONFIG":"{\"projectId\":\"poruthurstores-1bb74\",\"storageBucket\":\"poruthurstores-1bb74.firebasestorage.app\"}","GCLOUD_PROJECT":"poruthurstores-1bb74","EVENTARC_CLOUD_EVENT_SOURCE":"projects/poruthurstores-1bb74/locations/us-central1/services/createOrder","FUNCTION_REGION":"us-central1","FUNCTION_TARGET":"createOrder","LOG_EXECUTION_ID":"true"},"ingressSettings":"ALLOW_ALL","serviceAccountEmail":"784163241119-compute@developer.gserviceaccount.com","availableMemory":"256Mi","maxInstanceRequestConcurrency":80,"availableCpu":"1"},"state":"FAILED","labels":{"deployment-callable":"true","firebase-functions-hash":"42b478bc6a4d47cad11577267a996852cc234973"},"stateMessages":[{"severity":"ERROR","type":"CloudRunServiceNotFound","message":"Cloud Run service projects/poruthurstores-1bb74/locations/us-central1/services/createorder for the function was not found. The function will not work correctly. Please redeploy."}],"environment":"GEN_2","url":"https://us-central1-poruthurstores-1bb74.cloudfunctions.net/createOrder","satisfiesPzi":true},"stages":[{"name":"BUILD","message":"Build in progress","state":"IN_PROGRESS","resource":"projects/784163241119/locations/us-central1/builds/0085fe9f-3fdd-4ef8-9c24-12e5b3ca433a","resourceUri":"https://console.cloud.google.com/cloud-build/builds;region=us-central1/0085fe9f-3fdd-4ef8-9c24-12e5b3ca433a?project=784163241119"},{"name":"SERVICE","state":"NOT_STARTED"}],"operationType":"UPDATE_FUNCTION","buildName":"projects/784163241119/locations/us-central1/builds/0085fe9f-3fdd-4ef8-9c24-12e5b3ca433a"},"done":false}
[debug] [2026-08-01T19:25:02.285Z] [update-default-us-central1-createOrder] Retrying task index 0
[debug] [2026-08-01T19:25:02.286Z] Checked if tokens are valid: true, expires at: 1785615656641
[debug] [2026-08-01T19:25:02.286Z] Checked if tokens are valid: true, expires at: 1785615656641
[debug] [2026-08-01T19:25:02.286Z] >>> [apiv2][query] GET https://cloudfunctions.googleapis.com/v2/projects/poruthurstores-1bb74/locations/us-central1/operations/operation-1785612256898-6580140476cb4-ce98b9fe-45feda8e [none]
[debug] [2026-08-01T19:25:03.856Z] <<< [apiv2][status] GET https://cloudfunctions.googleapis.com/v2/projects/poruthurstores-1bb74/locations/us-central1/operations/operation-1785612256898-6580140476cb4-ce98b9fe-45feda8e 200
[debug] [2026-08-01T19:25:03.856Z] <<< [apiv2][body] GET https://cloudfunctions.googleapis.com/v2/projects/poruthurstores-1bb74/locations/us-central1/operations/operation-1785612256898-6580140476cb4-ce98b9fe-45feda8e {"name":"projects/poruthurstores-1bb74/locations/us-central1/operations/operation-1785612256898-6580140476cb4-ce98b9fe-45feda8e","metadata":{"@type":"type.googleapis.com/google.cloud.functions.v2.OperationMetadata","createTime":"2026-08-01T19:24:17.644812047Z","endTime":"2026-08-01T19:24:58.246729890Z","target":"projects/poruthurstores-1bb74/locations/us-central1/functions/createOrder","verb":"update","cancelRequested":false,"apiVersion":"v2","requestResource":{"@type":"type.googleapis.com/google.cloud.functions.v2.Function","name":"projects/poruthurstores-1bb74/locations/us-central1/functions/createOrder","buildConfig":{"runtime":"nodejs22","entryPoint":"createOrder","source":{"storageSource":{"bucket":"gcf-v2-sources-784163241119-us-central1","object":"createOrder/function-source.zip","generation":"1785612257601975"}},"environmentVariables":{"GOOGLE_NODE_RUN_SCRIPTS":""},"dockerRepository":"projects/poruthurstores-1bb74/locations/us-central1/repositories/gcf-artifacts","sourceProvenance":{"resolvedStorageSource":{"bucket":"gcf-v2-sources-784163241119-us-central1","object":"createOrder/function-source.zip","generation":"1785612114345135"}},"dockerRegistry":"ARTIFACT_REGISTRY","serviceAccount":"projects/poruthurstores-1bb74/serviceAccounts/784163241119-compute@developer.gserviceaccount.com","automaticUpdatePolicy":{}},"serviceConfig":{"service":"projects/poruthurstores-1bb74/locations/us-central1/services/createorder","timeoutSeconds":60,"environmentVariables":{"FIREBASE_CONFIG":"{\"projectId\":\"poruthurstores-1bb74\",\"storageBucket\":\"poruthurstores-1bb74.firebasestorage.app\"}","GCLOUD_PROJECT":"poruthurstores-1bb74","EVENTARC_CLOUD_EVENT_SOURCE":"projects/poruthurstores-1bb74/locations/us-central1/services/createOrder","FUNCTION_REGION":"us-central1","FUNCTION_TARGET":"createOrder","LOG_EXECUTION_ID":"true"},"ingressSettings":"ALLOW_ALL","serviceAccountEmail":"784163241119-compute@developer.gserviceaccount.com","availableMemory":"256Mi","maxInstanceRequestConcurrency":80,"availableCpu":"1"},"state":"FAILED","labels":{"deployment-callable":"true","firebase-functions-hash":"42b478bc6a4d47cad11577267a996852cc234973"},"stateMessages":[{"severity":"ERROR","type":"CloudRunServiceNotFound","message":"Cloud Run service projects/poruthurstores-1bb74/locations/us-central1/services/createorder for the function was not found. The function will not work correctly. Please redeploy."}],"environment":"GEN_2","url":"https://us-central1-poruthurstores-1bb74.cloudfunctions.net/createOrder","satisfiesPzi":true},"stages":[{"name":"SERVICE","state":"NOT_STARTED"}],"operationType":"UPDATE_FUNCTION"},"done":true,"error":{"code":3,"message":"Build failed with status: FAILURE and message: npm error code EUSAGE\nnpm error\nnpm error `npm ci` can only install packages when your package.json and package-lock.json or npm-shrinkwrap.json are in sync. Please update your lock file with `npm install` before continuing.\nnpm error\nnpm error Missing: @emnapi/core@2.0.0-alpha.3 from lock file\nnpm error Missing: @emnapi/runtime@2.0.0-alpha.3 from lock file\nnpm error\nnpm error Clean install a project\nnpm error\nnpm error Usage:\nnpm error npm ci\nnpm error\nnpm error Options:\nnpm error [--install-strategy <hoisted|nested|shallow|linked>] [--legacy-bundling]\nnpm error [--global-style] [--omit <dev|optional|peer> [--omit <dev|optional|peer> ...]]\nnpm error [--include <prod|dev|optional|peer> [--include <prod|dev|optional|peer> ...]]\nnpm error [--strict-peer-deps] [--foreground-scripts] [--ignore-scripts] [--no-audit]\nnpm error [--no-bin-links] [--no-fund] [--dry-run]\nnpm error [-w|--workspace <workspace-name> [-w|--workspace <workspace-name> ...]]\nnpm error [-ws|--workspaces] [--include-workspace-root] [--install-links]\nnpm error\nnpm error aliases: clean-install, ic, install-clean, isntall-clean\nnpm error\nnpm error Run \"npm help ci\" for more info\nnpm error A complete log of this run can be found in: /www-data-home/.npm/_logs/2026-08-01T19_24_31_770Z-debug-0.log. For more details see the logs at https://console.cloud.google.com/cloud-build/builds;region=us-central1/0085fe9f-3fdd-4ef8-9c24-12e5b3ca433a?project=784163241119."}}
[debug] [2026-08-01T19:25:03.856Z] Got source token undefined for region us-central1
[debug] [2026-08-01T19:25:03.857Z] Checked if tokens are valid: true, expires at: 1785615656641
[debug] [2026-08-01T19:25:03.857Z] Checked if tokens are valid: true, expires at: 1785615656641
[debug] [2026-08-01T19:25:03.857Z] >>> [apiv2][query] PATCH https://cloudfunctions.googleapis.com/v2/projects/poruthurstores-1bb74/locations/us-central1/functions/cancelOrder updateMask=name%2CbuildConfig.runtime%2CbuildConfig.entryPoint%2CbuildConfig.source.storageSource.bucket%2CbuildConfig.source.storageSource.object%2CbuildConfig.environmentVariables%2CbuildConfig.sourceToken%2CserviceConfig.environmentVariables%2CserviceConfig.ingressSettings%2CserviceConfig.timeoutSeconds%2CserviceConfig.serviceAccountEmail%2CserviceConfig.availableMemory%2CserviceConfig.minInstanceCount%2CserviceConfig.maxInstanceCount%2CserviceConfig.maxInstanceRequestConcurrency%2CserviceConfig.availableCpu%2CserviceConfig.vpcConnector%2CserviceConfig.vpcConnectorEgressSettings%2CserviceConfig.directVpcNetworkInterface%2CserviceConfig.directVpcEgress%2Clabels
[debug] [2026-08-01T19:25:03.857Z] >>> [apiv2][body] PATCH https://cloudfunctions.googleapis.com/v2/projects/poruthurstores-1bb74/locations/us-central1/functions/cancelOrder {"name":"projects/poruthurstores-1bb74/locations/us-central1/functions/cancelOrder","buildConfig":{"runtime":"nodejs22","entryPoint":"cancelOrder","source":{"storageSource":{"bucket":"gcf-v2-uploads-784163241119.us-central1.cloudfunctions.appspot.com","object":"d0c901bc-53f5-4628-85a9-690042f153ce.zip"}},"environmentVariables":{"GOOGLE_NODE_RUN_SCRIPTS":""}},"serviceConfig":{"environmentVariables":{"FIREBASE_CONFIG":"{\"projectId\":\"poruthurstores-1bb74\",\"storageBucket\":\"poruthurstores-1bb74.firebasestorage.app\"}","GCLOUD_PROJECT":"poruthurstores-1bb74","EVENTARC_CLOUD_EVENT_SOURCE":"projects/poruthurstores-1bb74/locations/us-central1/services/cancelOrder","FUNCTION_REGION":"us-central1","FUNCTION_TARGET":"cancelOrder","LOG_EXECUTION_ID":"true"},"ingressSettings":null,"timeoutSeconds":null,"serviceAccountEmail":null,"availableMemory":"256Mi","minInstanceCount":null,"maxInstanceCount":null,"maxInstanceRequestConcurrency":80,"availableCpu":"1","vpcConnector":null,"vpcConnectorEgressSettings":null,"directVpcNetworkInterface":null,"directVpcEgress":null},"labels":{"deployment-tool":"cli-firebase","deployment-callable":"true","firebase-functions-hash":"42b478bc6a4d47cad11577267a996852cc234973"}}
[error] Build failed with status: FAILURE and message: npm error code EUSAGE
npm error
npm error `npm ci` can only install packages when your package.json and package-lock.json or npm-shrinkwrap.json are in sync. Please update your lock file with `npm install` before continuing.
npm error
npm error Missing: @emnapi/core@2.0.0-alpha.3 from lock file
npm error Missing: @emnapi/runtime@2.0.0-alpha.3 from lock file
npm error
npm error Clean install a project
npm error
npm error Usage:
npm error npm ci
npm error
npm error Options:
npm error [--install-strategy <hoisted|nested|shallow|linked>] [--legacy-bundling]
npm error [--global-style] [--omit <dev|optional|peer> [--omit <dev|optional|peer> ...]]
npm error [--include <prod|dev|optional|peer> [--include <prod|dev|optional|peer> ...]]
npm error [--strict-peer-deps] [--foreground-scripts] [--ignore-scripts] [--no-audit]
npm error [--no-bin-links] [--no-fund] [--dry-run]
npm error [-w|--workspace <workspace-name> [-w|--workspace <workspace-name> ...]]
npm error [-ws|--workspaces] [--include-workspace-root] [--install-links]
npm error
npm error aliases: clean-install, ic, install-clean, isntall-clean
npm error
npm error Run "npm help ci" for more info
npm error A complete log of this run can be found in: /www-data-home/.npm/_logs/2026-08-01T19_24_31_770Z-debug-0.log. For more details see the logs at https://console.cloud.google.com/cloud-build/builds;region=us-central1/0085fe9f-3fdd-4ef8-9c24-12e5b3ca433a?project=784163241119.
[debug] [2026-08-01T19:25:06.123Z] <<< [apiv2][status] PATCH https://cloudfunctions.googleapis.com/v2/projects/poruthurstores-1bb74/locations/us-central1/functions/cancelOrder 200
[debug] [2026-08-01T19:25:06.123Z] <<< [apiv2][body] PATCH https://cloudfunctions.googleapis.com/v2/projects/poruthurstores-1bb74/locations/us-central1/functions/cancelOrder {"name":"projects/poruthurstores-1bb74/locations/us-central1/operations/operation-1785612306318-6580143398670-e42629f0-31dbde62","metadata":{"@type":"type.googleapis.com/google.cloud.functions.v2.OperationMetadata","createTime":"2026-08-01T19:25:07.113899533Z","target":"projects/poruthurstores-1bb74/locations/us-central1/functions/cancelOrder","verb":"update","cancelRequested":false,"apiVersion":"v2"},"done":false}
[debug] [2026-08-01T19:25:06.123Z] Checked if tokens are valid: true, expires at: 1785615656641
[debug] [2026-08-01T19:25:06.123Z] Checked if tokens are valid: true, expires at: 1785615656641
[debug] [2026-08-01T19:25:06.123Z] >>> [apiv2][query] GET https://cloudfunctions.googleapis.com/v2/projects/poruthurstores-1bb74/locations/us-central1/operations/operation-1785612306318-6580143398670-e42629f0-31dbde62 [none]
[debug] [2026-08-01T19:25:07.000Z] <<< [apiv2][status] GET https://cloudfunctions.googleapis.com/v2/projects/poruthurstores-1bb74/locations/us-central1/operations/operation-1785612306318-6580143398670-e42629f0-31dbde62 200
[debug] [2026-08-01T19:25:07.001Z] <<< [apiv2][body] GET https://cloudfunctions.googleapis.com/v2/projects/poruthurstores-1bb74/locations/us-central1/operations/operation-1785612306318-6580143398670-e42629f0-31dbde62 {"name":"projects/poruthurstores-1bb74/locations/us-central1/operations/operation-1785612306318-6580143398670-e42629f0-31dbde62","metadata":{"@type":"type.googleapis.com/google.cloud.functions.v2.OperationMetadata","createTime":"2026-08-01T19:25:07.113899533Z","target":"projects/poruthurstores-1bb74/locations/us-central1/functions/cancelOrder","verb":"update","cancelRequested":false,"apiVersion":"v2","requestResource":{"@type":"type.googleapis.com/google.cloud.functions.v2.Function","name":"projects/poruthurstores-1bb74/locations/us-central1/functions/cancelOrder","buildConfig":{"runtime":"nodejs22","entryPoint":"cancelOrder","source":{"storageSource":{"bucket":"gcf-v2-sources-784163241119-us-central1","object":"cancelOrder/function-source.zip","generation":"1785612307066502"}},"environmentVariables":{"GOOGLE_NODE_RUN_SCRIPTS":""},"dockerRepository":"projects/poruthurstores-1bb74/locations/us-central1/repositories/gcf-artifacts","sourceProvenance":{"resolvedStorageSource":{"bucket":"gcf-v2-sources-784163241119-us-central1","object":"cancelOrder/function-source.zip","generation":"1785612174966063"}},"dockerRegistry":"ARTIFACT_REGISTRY","serviceAccount":"projects/poruthurstores-1bb74/serviceAccounts/784163241119-compute@developer.gserviceaccount.com","automaticUpdatePolicy":{}},"serviceConfig":{"service":"projects/poruthurstores-1bb74/locations/us-central1/services/cancelorder","timeoutSeconds":60,"environmentVariables":{"FIREBASE_CONFIG":"{\"projectId\":\"poruthurstores-1bb74\",\"storageBucket\":\"poruthurstores-1bb74.firebasestorage.app\"}","GCLOUD_PROJECT":"poruthurstores-1bb74","EVENTARC_CLOUD_EVENT_SOURCE":"projects/poruthurstores-1bb74/locations/us-central1/services/cancelOrder","FUNCTION_REGION":"us-central1","FUNCTION_TARGET":"cancelOrder","LOG_EXECUTION_ID":"true"},"ingressSettings":"ALLOW_ALL","serviceAccountEmail":"784163241119-compute@developer.gserviceaccount.com","availableMemory":"256Mi","maxInstanceRequestConcurrency":80,"availableCpu":"1"},"state":"FAILED","labels":{"deployment-callable":"true","firebase-functions-hash":"42b478bc6a4d47cad11577267a996852cc234973"},"stateMessages":[{"severity":"ERROR","type":"CloudRunServiceNotFound","message":"Cloud Run service projects/poruthurstores-1bb74/locations/us-central1/services/cancelorder for the function was not found. The function will not work correctly. Please redeploy."}],"environment":"GEN_2","url":"https://us-central1-poruthurstores-1bb74.cloudfunctions.net/cancelOrder","satisfiesPzi":true},"stages":[{"name":"BUILD","message":"Build in progress","state":"IN_PROGRESS","resource":"projects/784163241119/locations/us-central1/builds/9f1a5d74-66a8-4923-8cf7-037e01657871","resourceUri":"https://console.cloud.google.com/cloud-build/builds;region=us-central1/9f1a5d74-66a8-4923-8cf7-037e01657871?project=784163241119"},{"name":"SERVICE","state":"NOT_STARTED"}],"operationType":"UPDATE_FUNCTION","buildName":"projects/784163241119/locations/us-central1/builds/9f1a5d74-66a8-4923-8cf7-037e01657871"},"done":false}
[debug] [2026-08-01T19:25:07.515Z] [update-default-us-central1-cancelOrder] Retrying task index 0
[debug] [2026-08-01T19:25:07.516Z] Checked if tokens are valid: true, expires at: 1785615656641
[debug] [2026-08-01T19:25:07.516Z] Checked if tokens are valid: true, expires at: 1785615656641
[debug] [2026-08-01T19:25:07.517Z] >>> [apiv2][query] GET https://cloudfunctions.googleapis.com/v2/projects/poruthurstores-1bb74/locations/us-central1/operations/operation-1785612306318-6580143398670-e42629f0-31dbde62 [none]
[debug] [2026-08-01T19:25:08.924Z] <<< [apiv2][status] GET https://cloudfunctions.googleapis.com/v2/projects/poruthurstores-1bb74/locations/us-central1/operations/operation-1785612306318-6580143398670-e42629f0-31dbde62 200
[debug] [2026-08-01T19:25:08.924Z] <<< [apiv2][body] GET https://cloudfunctions.googleapis.com/v2/projects/poruthurstores-1bb74/locations/us-central1/operations/operation-1785612306318-6580143398670-e42629f0-31dbde62 {"name":"projects/poruthurstores-1bb74/locations/us-central1/operations/operation-1785612306318-6580143398670-e42629f0-31dbde62","metadata":{"@type":"type.googleapis.com/google.cloud.functions.v2.OperationMetadata","createTime":"2026-08-01T19:25:07.113899533Z","target":"projects/poruthurstores-1bb74/locations/us-central1/functions/cancelOrder","verb":"update","cancelRequested":false,"apiVersion":"v2","requestResource":{"@type":"type.googleapis.com/google.cloud.functions.v2.Function","name":"projects/poruthurstores-1bb74/locations/us-central1/functions/cancelOrder","buildConfig":{"runtime":"nodejs22","entryPoint":"cancelOrder","source":{"storageSource":{"bucket":"gcf-v2-sources-784163241119-us-central1","object":"cancelOrder/function-source.zip","generation":"1785612307066502"}},"environmentVariables":{"GOOGLE_NODE_RUN_SCRIPTS":""},"dockerRepository":"projects/poruthurstores-1bb74/locations/us-central1/repositories/gcf-artifacts","sourceProvenance":{"resolvedStorageSource":{"bucket":"gcf-v2-sources-784163241119-us-central1","object":"cancelOrder/function-source.zip","generation":"1785612174966063"}},"dockerRegistry":"ARTIFACT_REGISTRY","serviceAccount":"projects/poruthurstores-1bb74/serviceAccounts/784163241119-compute@developer.gserviceaccount.com","automaticUpdatePolicy":{}},"serviceConfig":{"service":"projects/poruthurstores-1bb74/locations/us-central1/services/cancelorder","timeoutSeconds":60,"environmentVariables":{"FIREBASE_CONFIG":"{\"projectId\":\"poruthurstores-1bb74\",\"storageBucket\":\"poruthurstores-1bb74.firebasestorage.app\"}","GCLOUD_PROJECT":"poruthurstores-1bb74","EVENTARC_CLOUD_EVENT_SOURCE":"projects/poruthurstores-1bb74/locations/us-central1/services/cancelOrder","FUNCTION_REGION":"us-central1","FUNCTION_TARGET":"cancelOrder","LOG_EXECUTION_ID":"true"},"ingressSettings":"ALLOW_ALL","serviceAccountEmail":"784163241119-compute@developer.gserviceaccount.com","availableMemory":"256Mi","maxInstanceRequestConcurrency":80,"availableCpu":"1"},"state":"FAILED","labels":{"deployment-callable":"true","firebase-functions-hash":"42b478bc6a4d47cad11577267a996852cc234973"},"stateMessages":[{"severity":"ERROR","type":"CloudRunServiceNotFound","message":"Cloud Run service projects/poruthurstores-1bb74/locations/us-central1/services/cancelorder for the function was not found. The function will not work correctly. Please redeploy."}],"environment":"GEN_2","url":"https://us-central1-poruthurstores-1bb74.cloudfunctions.net/cancelOrder","satisfiesPzi":true},"stages":[{"name":"BUILD","message":"Build in progress","state":"IN_PROGRESS","resource":"projects/784163241119/locations/us-central1/builds/9f1a5d74-66a8-4923-8cf7-037e01657871","resourceUri":"https://console.cloud.google.com/cloud-build/builds;region=us-central1/9f1a5d74-66a8-4923-8cf7-037e01657871?project=784163241119"},{"name":"SERVICE","state":"NOT_STARTED"}],"operationType":"UPDATE_FUNCTION","buildName":"projects/784163241119/locations/us-central1/builds/9f1a5d74-66a8-4923-8cf7-037e01657871"},"done":false}
[debug] [2026-08-01T19:25:09.932Z] [update-default-us-central1-cancelOrder] Retrying task index 0
[debug] [2026-08-01T19:25:09.933Z] Checked if tokens are valid: true, expires at: 1785615656641
[debug] [2026-08-01T19:25:09.933Z] Checked if tokens are valid: true, expires at: 1785615656641
[debug] [2026-08-01T19:25:09.933Z] >>> [apiv2][query] GET https://cloudfunctions.googleapis.com/v2/projects/poruthurstores-1bb74/locations/us-central1/operations/operation-1785612306318-6580143398670-e42629f0-31dbde62 [none]
[debug] [2026-08-01T19:25:11.265Z] <<< [apiv2][status] GET https://cloudfunctions.googleapis.com/v2/projects/poruthurstores-1bb74/locations/us-central1/operations/operation-1785612306318-6580143398670-e42629f0-31dbde62 200
[debug] [2026-08-01T19:25:11.266Z] <<< [apiv2][body] GET https://cloudfunctions.googleapis.com/v2/projects/poruthurstores-1bb74/locations/us-central1/operations/operation-1785612306318-6580143398670-e42629f0-31dbde62 {"name":"projects/poruthurstores-1bb74/locations/us-central1/operations/operation-1785612306318-6580143398670-e42629f0-31dbde62","metadata":{"@type":"type.googleapis.com/google.cloud.functions.v2.OperationMetadata","createTime":"2026-08-01T19:25:07.113899533Z","target":"projects/poruthurstores-1bb74/locations/us-central1/functions/cancelOrder","verb":"update","cancelRequested":false,"apiVersion":"v2","requestResource":{"@type":"type.googleapis.com/google.cloud.functions.v2.Function","name":"projects/poruthurstores-1bb74/locations/us-central1/functions/cancelOrder","buildConfig":{"runtime":"nodejs22","entryPoint":"cancelOrder","source":{"storageSource":{"bucket":"gcf-v2-sources-784163241119-us-central1","object":"cancelOrder/function-source.zip","generation":"1785612307066502"}},"environmentVariables":{"GOOGLE_NODE_RUN_SCRIPTS":""},"dockerRepository":"projects/poruthurstores-1bb74/locations/us-central1/repositories/gcf-artifacts","sourceProvenance":{"resolvedStorageSource":{"bucket":"gcf-v2-sources-784163241119-us-central1","object":"cancelOrder/function-source.zip","generation":"1785612174966063"}},"dockerRegistry":"ARTIFACT_REGISTRY","serviceAccount":"projects/poruthurstores-1bb74/serviceAccounts/784163241119-compute@developer.gserviceaccount.com","automaticUpdatePolicy":{}},"serviceConfig":{"service":"projects/poruthurstores-1bb74/locations/us-central1/services/cancelorder","timeoutSeconds":60,"environmentVariables":{"FIREBASE_CONFIG":"{\"projectId\":\"poruthurstores-1bb74\",\"storageBucket\":\"poruthurstores-1bb74.firebasestorage.app\"}","GCLOUD_PROJECT":"poruthurstores-1bb74","EVENTARC_CLOUD_EVENT_SOURCE":"projects/poruthurstores-1bb74/locations/us-central1/services/cancelOrder","FUNCTION_REGION":"us-central1","FUNCTION_TARGET":"cancelOrder","LOG_EXECUTION_ID":"true"},"ingressSettings":"ALLOW_ALL","serviceAccountEmail":"784163241119-compute@developer.gserviceaccount.com","availableMemory":"256Mi","maxInstanceRequestConcurrency":80,"availableCpu":"1"},"state":"FAILED","labels":{"deployment-callable":"true","firebase-functions-hash":"42b478bc6a4d47cad11577267a996852cc234973"},"stateMessages":[{"severity":"ERROR","type":"CloudRunServiceNotFound","message":"Cloud Run service projects/poruthurstores-1bb74/locations/us-central1/services/cancelorder for the function was not found. The function will not work correctly. Please redeploy."}],"environment":"GEN_2","url":"https://us-central1-poruthurstores-1bb74.cloudfunctions.net/cancelOrder","satisfiesPzi":true},"stages":[{"name":"BUILD","message":"Build in progress","state":"IN_PROGRESS","resource":"projects/784163241119/locations/us-central1/builds/9f1a5d74-66a8-4923-8cf7-037e01657871","resourceUri":"https://console.cloud.google.com/cloud-build/builds;region=us-central1/9f1a5d74-66a8-4923-8cf7-037e01657871?project=784163241119"},{"name":"SERVICE","state":"NOT_STARTED"}],"operationType":"UPDATE_FUNCTION","buildName":"projects/784163241119/locations/us-central1/builds/9f1a5d74-66a8-4923-8cf7-037e01657871"},"done":false}
[debug] [2026-08-01T19:25:13.268Z] [update-default-us-central1-cancelOrder] Retrying task index 0
[debug] [2026-08-01T19:25:13.268Z] Checked if tokens are valid: true, expires at: 1785615656641
[debug] [2026-08-01T19:25:13.268Z] Checked if tokens are valid: true, expires at: 1785615656641
[debug] [2026-08-01T19:25:13.268Z] >>> [apiv2][query] GET https://cloudfunctions.googleapis.com/v2/projects/poruthurstores-1bb74/locations/us-central1/operations/operation-1785612306318-6580143398670-e42629f0-31dbde62 [none]
[debug] [2026-08-01T19:25:14.676Z] <<< [apiv2][status] GET https://cloudfunctions.googleapis.com/v2/projects/poruthurstores-1bb74/locations/us-central1/operations/operation-1785612306318-6580143398670-e42629f0-31dbde62 200
[debug] [2026-08-01T19:25:14.677Z] <<< [apiv2][body] GET https://cloudfunctions.googleapis.com/v2/projects/poruthurstores-1bb74/locations/us-central1/operations/operation-1785612306318-6580143398670-e42629f0-31dbde62 {"name":"projects/poruthurstores-1bb74/locations/us-central1/operations/operation-1785612306318-6580143398670-e42629f0-31dbde62","metadata":{"@type":"type.googleapis.com/google.cloud.functions.v2.OperationMetadata","createTime":"2026-08-01T19:25:07.113899533Z","target":"projects/poruthurstores-1bb74/locations/us-central1/functions/cancelOrder","verb":"update","cancelRequested":false,"apiVersion":"v2","requestResource":{"@type":"type.googleapis.com/google.cloud.functions.v2.Function","name":"projects/poruthurstores-1bb74/locations/us-central1/functions/cancelOrder","buildConfig":{"runtime":"nodejs22","entryPoint":"cancelOrder","source":{"storageSource":{"bucket":"gcf-v2-sources-784163241119-us-central1","object":"cancelOrder/function-source.zip","generation":"1785612307066502"}},"environmentVariables":{"GOOGLE_NODE_RUN_SCRIPTS":""},"dockerRepository":"projects/poruthurstores-1bb74/locations/us-central1/repositories/gcf-artifacts","sourceProvenance":{"resolvedStorageSource":{"bucket":"gcf-v2-sources-784163241119-us-central1","object":"cancelOrder/function-source.zip","generation":"1785612174966063"}},"dockerRegistry":"ARTIFACT_REGISTRY","serviceAccount":"projects/poruthurstores-1bb74/serviceAccounts/784163241119-compute@developer.gserviceaccount.com","automaticUpdatePolicy":{}},"serviceConfig":{"service":"projects/poruthurstores-1bb74/locations/us-central1/services/cancelorder","timeoutSeconds":60,"environmentVariables":{"FIREBASE_CONFIG":"{\"projectId\":\"poruthurstores-1bb74\",\"storageBucket\":\"poruthurstores-1bb74.firebasestorage.app\"}","GCLOUD_PROJECT":"poruthurstores-1bb74","EVENTARC_CLOUD_EVENT_SOURCE":"projects/poruthurstores-1bb74/locations/us-central1/services/cancelOrder","FUNCTION_REGION":"us-central1","FUNCTION_TARGET":"cancelOrder","LOG_EXECUTION_ID":"true"},"ingressSettings":"ALLOW_ALL","serviceAccountEmail":"784163241119-compute@developer.gserviceaccount.com","availableMemory":"256Mi","maxInstanceRequestConcurrency":80,"availableCpu":"1"},"state":"FAILED","labels":{"deployment-callable":"true","firebase-functions-hash":"42b478bc6a4d47cad11577267a996852cc234973"},"stateMessages":[{"severity":"ERROR","type":"CloudRunServiceNotFound","message":"Cloud Run service projects/poruthurstores-1bb74/locations/us-central1/services/cancelorder for the function was not found. The function will not work correctly. Please redeploy."}],"environment":"GEN_2","url":"https://us-central1-poruthurstores-1bb74.cloudfunctions.net/cancelOrder","satisfiesPzi":true},"stages":[{"name":"BUILD","message":"Build in progress","state":"IN_PROGRESS","resource":"projects/784163241119/locations/us-central1/builds/9f1a5d74-66a8-4923-8cf7-037e01657871","resourceUri":"https://console.cloud.google.com/cloud-build/builds;region=us-central1/9f1a5d74-66a8-4923-8cf7-037e01657871?project=784163241119"},{"name":"SERVICE","state":"NOT_STARTED"}],"operationType":"UPDATE_FUNCTION","buildName":"projects/784163241119/locations/us-central1/builds/9f1a5d74-66a8-4923-8cf7-037e01657871"},"done":false}
[debug] [2026-08-01T19:25:18.685Z] [update-default-us-central1-cancelOrder] Retrying task index 0
[debug] [2026-08-01T19:25:18.685Z] Checked if tokens are valid: true, expires at: 1785615656641
[debug] [2026-08-01T19:25:18.685Z] Checked if tokens are valid: true, expires at: 1785615656641
[debug] [2026-08-01T19:25:18.685Z] >>> [apiv2][query] GET https://cloudfunctions.googleapis.com/v2/projects/poruthurstores-1bb74/locations/us-central1/operations/operation-1785612306318-6580143398670-e42629f0-31dbde62 [none]
[debug] [2026-08-01T19:25:20.240Z] <<< [apiv2][status] GET https://cloudfunctions.googleapis.com/v2/projects/poruthurstores-1bb74/locations/us-central1/operations/operation-1785612306318-6580143398670-e42629f0-31dbde62 200
[debug] [2026-08-01T19:25:20.240Z] <<< [apiv2][body] GET https://cloudfunctions.googleapis.com/v2/projects/poruthurstores-1bb74/locations/us-central1/operations/operation-1785612306318-6580143398670-e42629f0-31dbde62 {"name":"projects/poruthurstores-1bb74/locations/us-central1/operations/operation-1785612306318-6580143398670-e42629f0-31dbde62","metadata":{"@type":"type.googleapis.com/google.cloud.functions.v2.OperationMetadata","createTime":"2026-08-01T19:25:07.113899533Z","target":"projects/poruthurstores-1bb74/locations/us-central1/functions/cancelOrder","verb":"update","cancelRequested":false,"apiVersion":"v2","requestResource":{"@type":"type.googleapis.com/google.cloud.functions.v2.Function","name":"projects/poruthurstores-1bb74/locations/us-central1/functions/cancelOrder","buildConfig":{"runtime":"nodejs22","entryPoint":"cancelOrder","source":{"storageSource":{"bucket":"gcf-v2-sources-784163241119-us-central1","object":"cancelOrder/function-source.zip","generation":"1785612307066502"}},"environmentVariables":{"GOOGLE_NODE_RUN_SCRIPTS":""},"dockerRepository":"projects/poruthurstores-1bb74/locations/us-central1/repositories/gcf-artifacts","sourceProvenance":{"resolvedStorageSource":{"bucket":"gcf-v2-sources-784163241119-us-central1","object":"cancelOrder/function-source.zip","generation":"1785612174966063"}},"dockerRegistry":"ARTIFACT_REGISTRY","serviceAccount":"projects/poruthurstores-1bb74/serviceAccounts/784163241119-compute@developer.gserviceaccount.com","automaticUpdatePolicy":{}},"serviceConfig":{"service":"projects/poruthurstores-1bb74/locations/us-central1/services/cancelorder","timeoutSeconds":60,"environmentVariables":{"FIREBASE_CONFIG":"{\"projectId\":\"poruthurstores-1bb74\",\"storageBucket\":\"poruthurstores-1bb74.firebasestorage.app\"}","GCLOUD_PROJECT":"poruthurstores-1bb74","EVENTARC_CLOUD_EVENT_SOURCE":"projects/poruthurstores-1bb74/locations/us-central1/services/cancelOrder","FUNCTION_REGION":"us-central1","FUNCTION_TARGET":"cancelOrder","LOG_EXECUTION_ID":"true"},"ingressSettings":"ALLOW_ALL","serviceAccountEmail":"784163241119-compute@developer.gserviceaccount.com","availableMemory":"256Mi","maxInstanceRequestConcurrency":80,"availableCpu":"1"},"state":"FAILED","labels":{"deployment-callable":"true","firebase-functions-hash":"42b478bc6a4d47cad11577267a996852cc234973"},"stateMessages":[{"severity":"ERROR","type":"CloudRunServiceNotFound","message":"Cloud Run service projects/poruthurstores-1bb74/locations/us-central1/services/cancelorder for the function was not found. The function will not work correctly. Please redeploy."}],"environment":"GEN_2","url":"https://us-central1-poruthurstores-1bb74.cloudfunctions.net/cancelOrder","satisfiesPzi":true},"stages":[{"name":"BUILD","message":"Build in progress","state":"IN_PROGRESS","resource":"projects/784163241119/locations/us-central1/builds/9f1a5d74-66a8-4923-8cf7-037e01657871","resourceUri":"https://console.cloud.google.com/cloud-build/builds;region=us-central1/9f1a5d74-66a8-4923-8cf7-037e01657871?project=784163241119"},{"name":"SERVICE","state":"NOT_STARTED"}],"operationType":"UPDATE_FUNCTION","buildName":"projects/784163241119/locations/us-central1/builds/9f1a5d74-66a8-4923-8cf7-037e01657871"},"done":false}
[debug] [2026-08-01T19:25:28.244Z] [update-default-us-central1-cancelOrder] Retrying task index 0
[debug] [2026-08-01T19:25:28.245Z] Checked if tokens are valid: true, expires at: 1785615656641
[debug] [2026-08-01T19:25:28.245Z] Checked if tokens are valid: true, expires at: 1785615656641
[debug] [2026-08-01T19:25:28.245Z] >>> [apiv2][query] GET https://cloudfunctions.googleapis.com/v2/projects/poruthurstores-1bb74/locations/us-central1/operations/operation-1785612306318-6580143398670-e42629f0-31dbde62 [none]
[debug] [2026-08-01T19:25:29.876Z] <<< [apiv2][status] GET https://cloudfunctions.googleapis.com/v2/projects/poruthurstores-1bb74/locations/us-central1/operations/operation-1785612306318-6580143398670-e42629f0-31dbde62 200
[debug] [2026-08-01T19:25:29.876Z] <<< [apiv2][body] GET https://cloudfunctions.googleapis.com/v2/projects/poruthurstores-1bb74/locations/us-central1/operations/operation-1785612306318-6580143398670-e42629f0-31dbde62 {"name":"projects/poruthurstores-1bb74/locations/us-central1/operations/operation-1785612306318-6580143398670-e42629f0-31dbde62","metadata":{"@type":"type.googleapis.com/google.cloud.functions.v2.OperationMetadata","createTime":"2026-08-01T19:25:07.113899533Z","target":"projects/poruthurstores-1bb74/locations/us-central1/functions/cancelOrder","verb":"update","cancelRequested":false,"apiVersion":"v2","requestResource":{"@type":"type.googleapis.com/google.cloud.functions.v2.Function","name":"projects/poruthurstores-1bb74/locations/us-central1/functions/cancelOrder","buildConfig":{"runtime":"nodejs22","entryPoint":"cancelOrder","source":{"storageSource":{"bucket":"gcf-v2-sources-784163241119-us-central1","object":"cancelOrder/function-source.zip","generation":"1785612307066502"}},"environmentVariables":{"GOOGLE_NODE_RUN_SCRIPTS":""},"dockerRepository":"projects/poruthurstores-1bb74/locations/us-central1/repositories/gcf-artifacts","sourceProvenance":{"resolvedStorageSource":{"bucket":"gcf-v2-sources-784163241119-us-central1","object":"cancelOrder/function-source.zip","generation":"1785612174966063"}},"dockerRegistry":"ARTIFACT_REGISTRY","serviceAccount":"projects/poruthurstores-1bb74/serviceAccounts/784163241119-compute@developer.gserviceaccount.com","automaticUpdatePolicy":{}},"serviceConfig":{"service":"projects/poruthurstores-1bb74/locations/us-central1/services/cancelorder","timeoutSeconds":60,"environmentVariables":{"FIREBASE_CONFIG":"{\"projectId\":\"poruthurstores-1bb74\",\"storageBucket\":\"poruthurstores-1bb74.firebasestorage.app\"}","GCLOUD_PROJECT":"poruthurstores-1bb74","EVENTARC_CLOUD_EVENT_SOURCE":"projects/poruthurstores-1bb74/locations/us-central1/services/cancelOrder","FUNCTION_REGION":"us-central1","FUNCTION_TARGET":"cancelOrder","LOG_EXECUTION_ID":"true"},"ingressSettings":"ALLOW_ALL","serviceAccountEmail":"784163241119-compute@developer.gserviceaccount.com","availableMemory":"256Mi","maxInstanceRequestConcurrency":80,"availableCpu":"1"},"state":"FAILED","labels":{"deployment-callable":"true","firebase-functions-hash":"42b478bc6a4d47cad11577267a996852cc234973"},"stateMessages":[{"severity":"ERROR","type":"CloudRunServiceNotFound","message":"Cloud Run service projects/poruthurstores-1bb74/locations/us-central1/services/cancelorder for the function was not found. The function will not work correctly. Please redeploy."}],"environment":"GEN_2","url":"https://us-central1-poruthurstores-1bb74.cloudfunctions.net/cancelOrder","satisfiesPzi":true},"stages":[{"name":"BUILD","message":"Build in progress","state":"IN_PROGRESS","resource":"projects/784163241119/locations/us-central1/builds/9f1a5d74-66a8-4923-8cf7-037e01657871","resourceUri":"https://console.cloud.google.com/cloud-build/builds;region=us-central1/9f1a5d74-66a8-4923-8cf7-037e01657871?project=784163241119"},{"name":"SERVICE","state":"NOT_STARTED"}],"operationType":"UPDATE_FUNCTION","buildName":"projects/784163241119/locations/us-central1/builds/9f1a5d74-66a8-4923-8cf7-037e01657871"},"done":false}
[debug] [2026-08-01T19:25:39.891Z] [update-default-us-central1-cancelOrder] Retrying task index 0
[debug] [2026-08-01T19:25:39.891Z] Checked if tokens are valid: true, expires at: 1785615656641
[debug] [2026-08-01T19:25:39.892Z] Checked if tokens are valid: true, expires at: 1785615656641
[debug] [2026-08-01T19:25:39.892Z] >>> [apiv2][query] GET https://cloudfunctions.googleapis.com/v2/projects/poruthurstores-1bb74/locations/us-central1/operations/operation-1785612306318-6580143398670-e42629f0-31dbde62 [none]
[debug] [2026-08-01T19:25:41.604Z] <<< [apiv2][status] GET https://cloudfunctions.googleapis.com/v2/projects/poruthurstores-1bb74/locations/us-central1/operations/operation-1785612306318-6580143398670-e42629f0-31dbde62 200
[debug] [2026-08-01T19:25:41.604Z] <<< [apiv2][body] GET https://cloudfunctions.googleapis.com/v2/projects/poruthurstores-1bb74/locations/us-central1/operations/operation-1785612306318-6580143398670-e42629f0-31dbde62 {"name":"projects/poruthurstores-1bb74/locations/us-central1/operations/operation-1785612306318-6580143398670-e42629f0-31dbde62","metadata":{"@type":"type.googleapis.com/google.cloud.functions.v2.OperationMetadata","createTime":"2026-08-01T19:25:07.113899533Z","target":"projects/poruthurstores-1bb74/locations/us-central1/functions/cancelOrder","verb":"update","cancelRequested":false,"apiVersion":"v2","requestResource":{"@type":"type.googleapis.com/google.cloud.functions.v2.Function","name":"projects/poruthurstores-1bb74/locations/us-central1/functions/cancelOrder","buildConfig":{"runtime":"nodejs22","entryPoint":"cancelOrder","source":{"storageSource":{"bucket":"gcf-v2-sources-784163241119-us-central1","object":"cancelOrder/function-source.zip","generation":"1785612307066502"}},"environmentVariables":{"GOOGLE_NODE_RUN_SCRIPTS":""},"dockerRepository":"projects/poruthurstores-1bb74/locations/us-central1/repositories/gcf-artifacts","sourceProvenance":{"resolvedStorageSource":{"bucket":"gcf-v2-sources-784163241119-us-central1","object":"cancelOrder/function-source.zip","generation":"1785612174966063"}},"dockerRegistry":"ARTIFACT_REGISTRY","serviceAccount":"projects/poruthurstores-1bb74/serviceAccounts/784163241119-compute@developer.gserviceaccount.com","automaticUpdatePolicy":{}},"serviceConfig":{"service":"projects/poruthurstores-1bb74/locations/us-central1/services/cancelorder","timeoutSeconds":60,"environmentVariables":{"FIREBASE_CONFIG":"{\"projectId\":\"poruthurstores-1bb74\",\"storageBucket\":\"poruthurstores-1bb74.firebasestorage.app\"}","GCLOUD_PROJECT":"poruthurstores-1bb74","EVENTARC_CLOUD_EVENT_SOURCE":"projects/poruthurstores-1bb74/locations/us-central1/services/cancelOrder","FUNCTION_REGION":"us-central1","FUNCTION_TARGET":"cancelOrder","LOG_EXECUTION_ID":"true"},"ingressSettings":"ALLOW_ALL","serviceAccountEmail":"784163241119-compute@developer.gserviceaccount.com","availableMemory":"256Mi","maxInstanceRequestConcurrency":80,"availableCpu":"1"},"state":"FAILED","labels":{"deployment-callable":"true","firebase-functions-hash":"42b478bc6a4d47cad11577267a996852cc234973"},"stateMessages":[{"severity":"ERROR","type":"CloudRunServiceNotFound","message":"Cloud Run service projects/poruthurstores-1bb74/locations/us-central1/services/cancelorder for the function was not found. The function will not work correctly. Please redeploy."}],"environment":"GEN_2","url":"https://us-central1-poruthurstores-1bb74.cloudfunctions.net/cancelOrder","satisfiesPzi":true},"stages":[{"name":"BUILD","message":"Build in progress","state":"IN_PROGRESS","resource":"projects/784163241119/locations/us-central1/builds/9f1a5d74-66a8-4923-8cf7-037e01657871","resourceUri":"https://console.cloud.google.com/cloud-build/builds;region=us-central1/9f1a5d74-66a8-4923-8cf7-037e01657871?project=784163241119"},{"name":"SERVICE","state":"NOT_STARTED"}],"operationType":"UPDATE_FUNCTION","buildName":"projects/784163241119/locations/us-central1/builds/9f1a5d74-66a8-4923-8cf7-037e01657871"},"done":false}
[debug] [2026-08-01T19:25:51.620Z] [update-default-us-central1-cancelOrder] Retrying task index 0
[debug] [2026-08-01T19:25:51.621Z] Checked if tokens are valid: true, expires at: 1785615656641
[debug] [2026-08-01T19:25:51.621Z] Checked if tokens are valid: true, expires at: 1785615656641
[debug] [2026-08-01T19:25:51.621Z] >>> [apiv2][query] GET https://cloudfunctions.googleapis.com/v2/projects/poruthurstores-1bb74/locations/us-central1/operations/operation-1785612306318-6580143398670-e42629f0-31dbde62 [none]
[debug] [2026-08-01T19:25:52.142Z] <<< [apiv2][status] GET https://cloudfunctions.googleapis.com/v2/projects/poruthurstores-1bb74/locations/us-central1/operations/operation-1785612306318-6580143398670-e42629f0-31dbde62 200
[debug] [2026-08-01T19:25:52.142Z] <<< [apiv2][body] GET https://cloudfunctions.googleapis.com/v2/projects/poruthurstores-1bb74/locations/us-central1/operations/operation-1785612306318-6580143398670-e42629f0-31dbde62 {"name":"projects/poruthurstores-1bb74/locations/us-central1/operations/operation-1785612306318-6580143398670-e42629f0-31dbde62","metadata":{"@type":"type.googleapis.com/google.cloud.functions.v2.OperationMetadata","createTime":"2026-08-01T19:25:07.113899533Z","target":"projects/poruthurstores-1bb74/locations/us-central1/functions/cancelOrder","verb":"update","cancelRequested":false,"apiVersion":"v2","requestResource":{"@type":"type.googleapis.com/google.cloud.functions.v2.Function","name":"projects/poruthurstores-1bb74/locations/us-central1/functions/cancelOrder","buildConfig":{"runtime":"nodejs22","entryPoint":"cancelOrder","source":{"storageSource":{"bucket":"gcf-v2-sources-784163241119-us-central1","object":"cancelOrder/function-source.zip","generation":"1785612307066502"}},"environmentVariables":{"GOOGLE_NODE_RUN_SCRIPTS":""},"dockerRepository":"projects/poruthurstores-1bb74/locations/us-central1/repositories/gcf-artifacts","sourceProvenance":{"resolvedStorageSource":{"bucket":"gcf-v2-sources-784163241119-us-central1","object":"cancelOrder/function-source.zip","generation":"1785612174966063"}},"dockerRegistry":"ARTIFACT_REGISTRY","serviceAccount":"projects/poruthurstores-1bb74/serviceAccounts/784163241119-compute@developer.gserviceaccount.com","automaticUpdatePolicy":{}},"serviceConfig":{"service":"projects/poruthurstores-1bb74/locations/us-central1/services/cancelorder","timeoutSeconds":60,"environmentVariables":{"FIREBASE_CONFIG":"{\"projectId\":\"poruthurstores-1bb74\",\"storageBucket\":\"poruthurstores-1bb74.firebasestorage.app\"}","GCLOUD_PROJECT":"poruthurstores-1bb74","EVENTARC_CLOUD_EVENT_SOURCE":"projects/poruthurstores-1bb74/locations/us-central1/services/cancelOrder","FUNCTION_REGION":"us-central1","FUNCTION_TARGET":"cancelOrder","LOG_EXECUTION_ID":"true"},"ingressSettings":"ALLOW_ALL","serviceAccountEmail":"784163241119-compute@developer.gserviceaccount.com","availableMemory":"256Mi","maxInstanceRequestConcurrency":80,"availableCpu":"1"},"state":"FAILED","labels":{"deployment-callable":"true","firebase-functions-hash":"42b478bc6a4d47cad11577267a996852cc234973"},"stateMessages":[{"severity":"ERROR","type":"CloudRunServiceNotFound","message":"Cloud Run service projects/poruthurstores-1bb74/locations/us-central1/services/cancelorder for the function was not found. The function will not work correctly. Please redeploy."}],"environment":"GEN_2","url":"https://us-central1-poruthurstores-1bb74.cloudfunctions.net/cancelOrder","satisfiesPzi":true},"stages":[{"name":"BUILD","message":"Build in progress","state":"IN_PROGRESS","resource":"projects/784163241119/locations/us-central1/builds/9f1a5d74-66a8-4923-8cf7-037e01657871","resourceUri":"https://console.cloud.google.com/cloud-build/builds;region=us-central1/9f1a5d74-66a8-4923-8cf7-037e01657871?project=784163241119"},{"name":"SERVICE","state":"NOT_STARTED"}],"operationType":"UPDATE_FUNCTION","buildName":"projects/784163241119/locations/us-central1/builds/9f1a5d74-66a8-4923-8cf7-037e01657871"},"done":false}
[debug] [2026-08-01T19:26:40.315Z] ----------------------------------------------------------------------
[debug] [2026-08-01T19:26:40.320Z] Command:       C:\Program Files\nodejs\node.exe C:\Users\siddh\AppData\Roaming\npm\node_modules\firebase-tools\lib\bin\firebase.js deploy --only functions
[debug] [2026-08-01T19:26:40.320Z] CLI Version:   15.25.1
[debug] [2026-08-01T19:26:40.320Z] Platform:      win32
[debug] [2026-08-01T19:26:40.321Z] Node Version:  v24.12.0
[debug] [2026-08-01T19:26:40.321Z] Detected Agent: unknown
[debug] [2026-08-01T19:26:40.321Z] Time:          Sun Aug 02 2026 00:56:40 GMT+0530 (India Standard Time)
[debug] [2026-08-01T19:26:40.322Z] ----------------------------------------------------------------------
[debug] 
[debug] [2026-08-01T19:26:43.419Z] > command requires scopes: ["email","openid","https://www.googleapis.com/auth/cloudplatformprojects.readonly","https://www.googleapis.com/auth/firebase","https://www.googleapis.com/auth/cloud-platform"]
[debug] [2026-08-01T19:26:43.420Z] > authorizing via signed-in user (siddharthsunil378@gmail.com)
[debug] [2026-08-01T19:26:43.420Z] [iam] checking project poruthurstores-1bb74 for permissions ["cloudfunctions.functions.create","cloudfunctions.functions.delete","cloudfunctions.functions.get","cloudfunctions.functions.list","cloudfunctions.functions.update","cloudfunctions.operations.get","firebase.projects.get"]
[debug] [2026-08-01T19:26:43.440Z] Checked if tokens are valid: true, expires at: 1785615656641
[debug] [2026-08-01T19:26:43.441Z] Checked if tokens are valid: true, expires at: 1785615656641
[debug] [2026-08-01T19:26:43.442Z] >>> [apiv2][query] POST https://cloudresourcemanager.googleapis.com/v1/projects/poruthurstores-1bb74:testIamPermissions [none]
[debug] [2026-08-01T19:26:43.443Z] >>> [apiv2][(partial)header] POST https://cloudresourcemanager.googleapis.com/v1/projects/poruthurstores-1bb74:testIamPermissions  x-goog-user-project=poruthurstores-1bb74
[debug] [2026-08-01T19:26:43.443Z] >>> [apiv2][body] POST https://cloudresourcemanager.googleapis.com/v1/projects/poruthurstores-1bb74:testIamPermissions {"permissions":["cloudfunctions.functions.create","cloudfunctions.functions.delete","cloudfunctions.functions.get","cloudfunctions.functions.list","cloudfunctions.functions.update","cloudfunctions.operations.get","firebase.projects.get"]}
[debug] [2026-08-01T19:26:45.836Z] <<< [apiv2][status] POST https://cloudresourcemanager.googleapis.com/v1/projects/poruthurstores-1bb74:testIamPermissions 200
[debug] [2026-08-01T19:26:45.836Z] <<< [apiv2][body] POST https://cloudresourcemanager.googleapis.com/v1/projects/poruthurstores-1bb74:testIamPermissions {"permissions":["cloudfunctions.functions.create","cloudfunctions.functions.delete","cloudfunctions.functions.get","cloudfunctions.functions.list","cloudfunctions.functions.update","cloudfunctions.operations.get","firebase.projects.get"]}
[debug] [2026-08-01T19:26:45.837Z] Checked if tokens are valid: true, expires at: 1785615656641
[debug] [2026-08-01T19:26:45.837Z] Checked if tokens are valid: true, expires at: 1785615656641
[debug] [2026-08-01T19:26:45.837Z] >>> [apiv2][query] POST https://iam.googleapis.com/v1/projects/poruthurstores-1bb74/serviceAccounts/poruthurstores-1bb74@appspot.gserviceaccount.com:testIamPermissions [none]
[debug] [2026-08-01T19:26:45.837Z] >>> [apiv2][body] POST https://iam.googleapis.com/v1/projects/poruthurstores-1bb74/serviceAccounts/poruthurstores-1bb74@appspot.gserviceaccount.com:testIamPermissions {"permissions":["iam.serviceAccounts.actAs"]}
[debug] [2026-08-01T19:26:48.399Z] <<< [apiv2][status] POST https://iam.googleapis.com/v1/projects/poruthurstores-1bb74/serviceAccounts/poruthurstores-1bb74@appspot.gserviceaccount.com:testIamPermissions 200
[debug] [2026-08-01T19:26:48.399Z] <<< [apiv2][body] POST https://iam.googleapis.com/v1/projects/poruthurstores-1bb74/serviceAccounts/poruthurstores-1bb74@appspot.gserviceaccount.com:testIamPermissions {"permissions":["iam.serviceAccounts.actAs"]}
[info] 
[info] === Deploying to 'poruthurstores-1bb74'...
[info] 
[info] i  deploying functions 
[info] Running command: npm --prefix "$RESOURCE_DIR" run build
[info] +  functions: Finished running predeploy script. 
[debug] [2026-08-01T19:26:56.717Z] Checked if tokens are valid: true, expires at: 1785615656641
[debug] [2026-08-01T19:26:56.717Z] Checked if tokens are valid: true, expires at: 1785615656641
[debug] [2026-08-01T19:26:56.718Z] >>> [apiv2][query] GET https://cloudresourcemanager.googleapis.com/v1/projects/poruthurstores-1bb74 [none]
[debug] [2026-08-01T19:26:58.234Z] <<< [apiv2][status] GET https://cloudresourcemanager.googleapis.com/v1/projects/poruthurstores-1bb74 200
[debug] [2026-08-01T19:26:58.234Z] <<< [apiv2][body] GET https://cloudresourcemanager.googleapis.com/v1/projects/poruthurstores-1bb74 {"projectNumber":"784163241119","projectId":"poruthurstores-1bb74","lifecycleState":"ACTIVE","name":"PoruthurStores","labels":{"firebase":"enabled","firebase-core":"disabled"},"createTime":"2026-05-31T17:22:09.473Z"}
[info] i  functions: preparing codebase default for deployment 
[info] i  functions: ensuring required API cloudfunctions.googleapis.com is enabled... 
[info] i  functions: ensuring required API cloudbuild.googleapis.com is enabled... 
[info] i  artifactregistry: ensuring required API artifactregistry.googleapis.com is enabled... 
[debug] [2026-08-01T19:26:58.237Z] Checked if tokens are valid: true, expires at: 1785615656641
[debug] [2026-08-01T19:26:58.238Z] Checked if tokens are valid: true, expires at: 1785615656641
[debug] [2026-08-01T19:26:58.238Z] >>> [apiv2][query] GET https://firebase.googleapis.com/v1beta1/projects/poruthurstores-1bb74/adminSdkConfig [none]
[debug] [2026-08-01T19:26:59.848Z] <<< [apiv2][status] GET https://firebase.googleapis.com/v1beta1/projects/poruthurstores-1bb74/adminSdkConfig 200
[debug] [2026-08-01T19:26:59.848Z] <<< [apiv2][body] GET https://firebase.googleapis.com/v1beta1/projects/poruthurstores-1bb74/adminSdkConfig {"projectId":"poruthurstores-1bb74","storageBucket":"poruthurstores-1bb74.firebasestorage.app"}
[debug] [2026-08-01T19:26:59.850Z] Validating nodejs source
[debug] [2026-08-01T19:27:03.111Z] > [functions] package.json contents: {
  "name": "functions",
  "scripts": {
    "lint": "eslint --ext .js,.ts .",
    "build": "tsc",
    "build:watch": "tsc --watch",
    "serve": "npm run build && firebase emulators:start --only functions",
    "shell": "npm run build && firebase functions:shell",
    "start": "npm run shell",
    "deploy": "firebase deploy --only functions",
    "logs": "firebase functions:log"
  },
  "engines": {
    "node": "22"
  },
  "main": "lib/index.js",
  "dependencies": {
    "firebase-admin": "^13.10.0",
    "firebase-functions": "^7.3.2"
  },
  "devDependencies": {
    "@types/node": "^26.1.2",
    "@typescript-eslint/eslint-plugin": "^5.12.0",
    "@typescript-eslint/parser": "^5.12.0",
    "eslint": "^8.9.0",
    "eslint-config-google": "^0.14.0",
    "eslint-plugin-import": "^2.25.4",
    "firebase-functions-test": "^3.4.1",
    "typescript": "^6.0.0"
  },
  "private": true
}
[debug] [2026-08-01T19:27:03.111Z] Building nodejs source
[info] i  functions: Loading and analyzing source code for codebase default to determine what to deploy 
[debug] [2026-08-01T19:27:03.114Z] Could not find functions.yaml. Must use http discovery
[debug] [2026-08-01T19:27:03.130Z] Found firebase-functions binary at 'C:\Users\siddh\grocery-app\functions\node_modules\.bin\firebase-functions'
[info] Serving at port 8021

[debug] [2026-08-01T19:27:04.430Z] Got response from /__/functions.yaml {"endpoints":{"createOrder":{"availableMemoryMb":null,"timeoutSeconds":null,"minInstances":null,"maxInstances":null,"ingressSettings":null,"concurrency":null,"serviceAccountEmail":null,"vpc":null,"platform":"gcfv2","labels":{},"callableTrigger":{},"entryPoint":"createOrder"},"cancelOrder":{"availableMemoryMb":null,"timeoutSeconds":null,"minInstances":null,"maxInstances":null,"ingressSettings":null,"concurrency":null,"serviceAccountEmail":null,"vpc":null,"platform":"gcfv2","labels":{},"callableTrigger":{},"entryPoint":"cancelOrder"}},"specVersion":"v1alpha1","requiredAPIs":[],"extensions":{}}
[debug] [2026-08-01T19:27:07.490Z] Checked if tokens are valid: true, expires at: 1785615656641
[debug] [2026-08-01T19:27:07.491Z] Checked if tokens are valid: true, expires at: 1785615656641
[debug] [2026-08-01T19:27:07.491Z] >>> [apiv2][query] GET https://cloudfunctions.googleapis.com/v1/projects/poruthurstores-1bb74/locations/-/functions [none]
[debug] [2026-08-01T19:27:08.783Z] <<< [apiv2][status] GET https://cloudfunctions.googleapis.com/v1/projects/poruthurstores-1bb74/locations/-/functions 200
[debug] [2026-08-01T19:27:08.783Z] <<< [apiv2][body] GET https://cloudfunctions.googleapis.com/v1/projects/poruthurstores-1bb74/locations/-/functions {}
[debug] [2026-08-01T19:27:08.784Z] Checked if tokens are valid: true, expires at: 1785615656641
[debug] [2026-08-01T19:27:08.784Z] Checked if tokens are valid: true, expires at: 1785615656641
[debug] [2026-08-01T19:27:08.784Z] >>> [apiv2][query] GET https://cloudfunctions.googleapis.com/v2/projects/poruthurstores-1bb74/locations/-/functions filter=environment%3D%22GEN_2%22
[debug] [2026-08-01T19:27:10.628Z] <<< [apiv2][status] GET https://cloudfunctions.googleapis.com/v2/projects/poruthurstores-1bb74/locations/-/functions 200
[debug] [2026-08-01T19:27:10.628Z] <<< [apiv2][body] GET https://cloudfunctions.googleapis.com/v2/projects/poruthurstores-1bb74/locations/-/functions {"functions":[{"name":"projects/poruthurstores-1bb74/locations/asia-south1/functions/restoreStockAfterCancellation","buildConfig":{"build":"projects/784163241119/locations/asia-south1/builds/5d53bc80-00d3-48e1-992d-32a331c7f76f","runtime":"nodejs22","entryPoint":"restoreStockAfterCancellation","source":{"storageSource":{"bucket":"gcf-v2-sources-784163241119-asia-south1","object":"restoreStockAfterCancellation/function-source.zip","generation":"1785601838641453"}},"environmentVariables":{"GOOGLE_NODE_RUN_SCRIPTS":""},"dockerRepository":"projects/poruthurstores-1bb74/locations/asia-south1/repositories/gcf-artifacts","sourceProvenance":{"resolvedStorageSource":{"bucket":"gcf-v2-sources-784163241119-asia-south1","object":"restoreStockAfterCancellation/function-source.zip","generation":"1785601838641453"}},"dockerRegistry":"ARTIFACT_REGISTRY","serviceAccount":"projects/poruthurstores-1bb74/serviceAccounts/784163241119-compute@developer.gserviceaccount.com","automaticUpdatePolicy":{}},"serviceConfig":{"service":"projects/poruthurstores-1bb74/locations/asia-south1/services/restorestockaftercancellation","timeoutSeconds":60,"environmentVariables":{"FIREBASE_CONFIG":"{\"projectId\":\"poruthurstores-1bb74\",\"storageBucket\":\"poruthurstores-1bb74.firebasestorage.app\"}","GCLOUD_PROJECT":"poruthurstores-1bb74","EVENTARC_CLOUD_EVENT_SOURCE":"projects/poruthurstores-1bb74/locations/asia-south1/services/restoreStockAfterCancellation","FUNCTION_REGION":"asia-south1","FUNCTION_SIGNATURE_TYPE":"cloudevent","FUNCTION_TARGET":"restoreStockAfterCancellation","LOG_EXECUTION_ID":"true"},"maxInstanceCount":20,"ingressSettings":"ALLOW_ALL","uri":"https://restorestockaftercancellation-tkz26jgr4q-el.a.run.app","serviceAccountEmail":"784163241119-compute@developer.gserviceaccount.com","availableMemory":"256Mi","allTrafficOnLatestRevision":true,"revision":"restorestockaftercancellation-00009-xay","maxInstanceRequestConcurrency":80,"availableCpu":"1"},"eventTrigger":{"trigger":"projects/poruthurstores-1bb74/locations/asia-south1/triggers/restorestockaftercancellation-931131","triggerRegion":"asia-south1","eventType":"google.cloud.firestore.document.v1.updated","eventFilters":[{"attribute":"document","value":"orders/{orderId}","operator":"match-path-pattern"},{"attribute":"database","value":"(default)"},{"attribute":"namespace","value":"(default)"}],"pubsubTopic":"projects/poruthurstores-1bb74/topics/eventarc-asia-south1-restorestockaftercancellation-931131-975","serviceAccountEmail":"784163241119-compute@developer.gserviceaccount.com","retryPolicy":"RETRY_POLICY_DO_NOT_RETRY"},"state":"ACTIVE","updateTime":"2026-08-01T16:31:47.315412686Z","labels":{"deployment-tool":"cli-firebase","firebase-functions-hash":"510d559149ef4906de23fcedd1c30bb6360ce15c"},"environment":"GEN_2","url":"https://asia-south1-poruthurstores-1bb74.cloudfunctions.net/restoreStockAfterCancellation","satisfiesPzs":true,"createTime":"2026-07-30T12:40:22.268728083Z","satisfiesPzi":true},{"name":"projects/poruthurstores-1bb74/locations/asia-south1/functions/processNewOrder","buildConfig":{"build":"projects/784163241119/locations/asia-south1/builds/5d53bc80-00d3-48e1-992d-32a331c7f76f","runtime":"nodejs22","entryPoint":"processNewOrder","source":{"storageSource":{"bucket":"gcf-v2-sources-784163241119-asia-south1","object":"processNewOrder/function-source.zip","generation":"1785601904163066"}},"environmentVariables":{"GOOGLE_NODE_RUN_SCRIPTS":""},"dockerRepository":"projects/poruthurstores-1bb74/locations/asia-south1/repositories/gcf-artifacts","sourceProvenance":{"resolvedStorageSource":{"bucket":"gcf-v2-sources-784163241119-asia-south1","object":"processNewOrder/function-source.zip","generation":"1785601904163066"}},"dockerRegistry":"ARTIFACT_REGISTRY","serviceAccount":"projects/poruthurstores-1bb74/serviceAccounts/784163241119-compute@developer.gserviceaccount.com","automaticUpdatePolicy":{}},"serviceConfig":{"service":"projects/poruthurstores-1bb74/locations/asia-south1/services/processneworder","timeoutSeconds":60,"environmentVariables":{"FIREBASE_CONFIG":"{\"projectId\":\"poruthurstores-1bb74\",\"storageBucket\":\"poruthurstores-1bb74.firebasestorage.app\"}","GCLOUD_PROJECT":"poruthurstores-1bb74","EVENTARC_CLOUD_EVENT_SOURCE":"projects/poruthurstores-1bb74/locations/asia-south1/services/processNewOrder","FUNCTION_REGION":"asia-south1","FUNCTION_SIGNATURE_TYPE":"cloudevent","FUNCTION_TARGET":"processNewOrder","LOG_EXECUTION_ID":"true"},"maxInstanceCount":20,"ingressSettings":"ALLOW_ALL","uri":"https://processneworder-tkz26jgr4q-el.a.run.app","serviceAccountEmail":"784163241119-compute@developer.gserviceaccount.com","availableMemory":"256Mi","allTrafficOnLatestRevision":true,"revision":"processneworder-00007-jaf","maxInstanceRequestConcurrency":80,"availableCpu":"1"},"eventTrigger":{"trigger":"projects/poruthurstores-1bb74/locations/asia-south1/triggers/processneworder-125306","triggerRegion":"asia-south1","eventType":"google.cloud.firestore.document.v1.created","eventFilters":[{"attribute":"namespace","value":"(default)"},{"attribute":"document","value":"orders/{orderId}","operator":"match-path-pattern"},{"attribute":"database","value":"(default)"}],"pubsubTopic":"projects/poruthurstores-1bb74/topics/eventarc-asia-south1-processneworder-125306-639","serviceAccountEmail":"784163241119-compute@developer.gserviceaccount.com","retryPolicy":"RETRY_POLICY_DO_NOT_RETRY"},"state":"ACTIVE","updateTime":"2026-08-01T16:31:52.906760355Z","labels":{"deployment-tool":"cli-firebase","firebase-functions-hash":"510d559149ef4906de23fcedd1c30bb6360ce15c"},"environment":"GEN_2","url":"https://asia-south1-poruthurstores-1bb74.cloudfunctions.net/processNewOrder","satisfiesPzs":true,"createTime":"2026-07-30T13:29:05.462937818Z","satisfiesPzi":true},{"name":"projects/poruthurstores-1bb74/locations/asia-south1/functions/restoreStockOnCancel","buildConfig":{"build":"projects/784163241119/locations/asia-south1/builds/19cee474-ff22-4256-8f0b-1939293a3d26","runtime":"nodejs22","entryPoint":"restoreStockOnCancel","source":{"storageSource":{"bucket":"gcf-v2-sources-784163241119-asia-south1","object":"restoreStockOnCancel/function-source.zip","generation":"1785350388450373"}},"environmentVariables":{"GOOGLE_NODE_RUN_SCRIPTS":""},"dockerRepository":"projects/poruthurstores-1bb74/locations/asia-south1/repositories/gcf-artifacts","sourceProvenance":{"resolvedStorageSource":{"bucket":"gcf-v2-sources-784163241119-asia-south1","object":"restoreStockOnCancel/function-source.zip","generation":"1785350388450373"}},"dockerRegistry":"ARTIFACT_REGISTRY","serviceAccount":"projects/poruthurstores-1bb74/serviceAccounts/784163241119-compute@developer.gserviceaccount.com","automaticUpdatePolicy":{}},"state":"FAILED","updateTime":"2026-07-29T18:40:31.408329196Z","labels":{"deployment-tool":"cli-firebase","firebase-functions-hash":"1d58abdd63b9ebb162d02eb6a5ff9270e4976e84"},"stateMessages":[{"severity":"ERROR","type":"CloudRunServiceNotFound","message":"Cloud Run service projects/poruthurstores-1bb74/locations/asia-south1/services/restorestockoncancel for the function was not found. The function will not work correctly. Please redeploy."},{"severity":"ERROR","type":"EventarcTriggerNotFound","message":"Eventarc trigger projects/poruthurstores-1bb74/locations/asia-south1/triggers/restorestockoncancel-192267 for the function was not found. The function may not work correctly. Please redeploy."}],"environment":"GEN_2","url":"https://asia-south1-poruthurstores-1bb74.cloudfunctions.net/restoreStockOnCancel","satisfiesPzs":true,"createTime":"2026-07-29T18:39:49.562851Z","satisfiesPzi":true},{"name":"projects/poruthurstores-1bb74/locations/us-central1/functions/createOrder","buildConfig":{"build":"projects/784163241119/locations/us-central1/builds/750e9e0e-d948-4a30-859a-3f3917e8a953","runtime":"nodejs22","entryPoint":"createOrder","source":{"storageSource":{"bucket":"gcf-v2-sources-784163241119-us-central1","object":"createOrder/function-source.zip","generation":"1785612114345135"}},"environmentVariables":{"GOOGLE_NODE_RUN_SCRIPTS":""},"dockerRepository":"projects/poruthurstores-1bb74/locations/us-central1/repositories/gcf-artifacts","sourceProvenance":{"resolvedStorageSource":{"bucket":"gcf-v2-sources-784163241119-us-central1","object":"createOrder/function-source.zip","generation":"1785612114345135"}},"dockerRegistry":"ARTIFACT_REGISTRY","serviceAccount":"projects/poruthurstores-1bb74/serviceAccounts/784163241119-compute@developer.gserviceaccount.com","automaticUpdatePolicy":{}},"state":"UNKNOWN","updateTime":"2026-08-01T19:24:58.256026618Z","labels":{"deployment-tool":"cli-firebase","deployment-callable":"true","firebase-functions-hash":"42b478bc6a4d47cad11577267a996852cc234973"},"stateMessages":[{"severity":"ERROR","type":"CloudRunServiceNotFound","message":"Cloud Run service projects/poruthurstores-1bb74/locations/us-central1/services/createorder for the function was not found. The function will not work correctly. Please redeploy."}],"environment":"GEN_2","url":"https://us-central1-poruthurstores-1bb74.cloudfunctions.net/createOrder","createTime":"2026-08-01T19:21:54.597086764Z","satisfiesPzi":true},{"name":"projects/poruthurstores-1bb74/locations/us-central1/functions/cancelOrder","buildConfig":{"build":"projects/784163241119/locations/us-central1/builds/72538894-894d-4b8a-bae1-7351204da5e8","runtime":"nodejs22","entryPoint":"cancelOrder","source":{"storageSource":{"bucket":"gcf-v2-sources-784163241119-us-central1","object":"cancelOrder/function-source.zip","generation":"1785612174966063"}},"environmentVariables":{"GOOGLE_NODE_RUN_SCRIPTS":""},"dockerRepository":"projects/poruthurstores-1bb74/locations/us-central1/repositories/gcf-artifacts","sourceProvenance":{"resolvedStorageSource":{"bucket":"gcf-v2-sources-784163241119-us-central1","object":"cancelOrder/function-source.zip","generation":"1785612174966063"}},"dockerRegistry":"ARTIFACT_REGISTRY","serviceAccount":"projects/poruthurstores-1bb74/serviceAccounts/784163241119-compute@developer.gserviceaccount.com","automaticUpdatePolicy":{}},"state":"UNKNOWN","updateTime":"2026-08-01T19:25:56.110868120Z","labels":{"deployment-callable":"true","firebase-functions-hash":"42b478bc6a4d47cad11577267a996852cc234973","deployment-tool":"cli-firebase"},"stateMessages":[{"severity":"ERROR","type":"CloudRunServiceNotFound","message":"Cloud Run service projects/poruthurstores-1bb74/locations/us-central1/services/cancelorder for the function was not found. The function will not work correctly. Please redeploy."}],"environment":"GEN_2","url":"https://us-central1-poruthurstores-1bb74.cloudfunctions.net/cancelOrder","createTime":"2026-08-01T19:22:55.207995498Z","satisfiesPzi":true}]}
[info] i  extensions: ensuring required API firebaseextensions.googleapis.com is enabled... 
[debug] [2026-08-01T19:27:10.632Z] > command requires scopes: ["email","openid","https://www.googleapis.com/auth/cloudplatformprojects.readonly","https://www.googleapis.com/auth/firebase","https://www.googleapis.com/auth/cloud-platform"]
[debug] [2026-08-01T19:27:10.632Z] > authorizing via signed-in user (siddharthsunil378@gmail.com)
[debug] [2026-08-01T19:27:10.632Z] [iam] checking project poruthurstores-1bb74 for permissions ["firebase.projects.get","firebaseextensions.instances.list"]
[debug] [2026-08-01T19:27:10.632Z] Checked if tokens are valid: true, expires at: 1785615656641
[debug] [2026-08-01T19:27:10.632Z] Checked if tokens are valid: true, expires at: 1785615656641
[debug] [2026-08-01T19:27:10.632Z] >>> [apiv2][query] POST https://cloudresourcemanager.googleapis.com/v1/projects/poruthurstores-1bb74:testIamPermissions [none]
[debug] [2026-08-01T19:27:10.632Z] >>> [apiv2][(partial)header] POST https://cloudresourcemanager.googleapis.com/v1/projects/poruthurstores-1bb74:testIamPermissions  x-goog-user-project=poruthurstores-1bb74
[debug] [2026-08-01T19:27:10.632Z] >>> [apiv2][body] POST https://cloudresourcemanager.googleapis.com/v1/projects/poruthurstores-1bb74:testIamPermissions {"permissions":["firebase.projects.get","firebaseextensions.instances.list"]}
[debug] [2026-08-01T19:27:11.963Z] <<< [apiv2][status] POST https://cloudresourcemanager.googleapis.com/v1/projects/poruthurstores-1bb74:testIamPermissions 200
[debug] [2026-08-01T19:27:11.963Z] <<< [apiv2][body] POST https://cloudresourcemanager.googleapis.com/v1/projects/poruthurstores-1bb74:testIamPermissions {"permissions":["firebase.projects.get","firebaseextensions.instances.list"]}
[debug] [2026-08-01T19:27:11.963Z] Checked if tokens are valid: true, expires at: 1785615656641
[debug] [2026-08-01T19:27:11.963Z] Checked if tokens are valid: true, expires at: 1785615656641
[debug] [2026-08-01T19:27:11.964Z] >>> [apiv2][query] GET https://firebaseextensions.googleapis.com/v1beta/projects/poruthurstores-1bb74/instances pageSize=100&pageToken=
[debug] [2026-08-01T19:27:14.969Z] <<< [apiv2][status] GET https://firebaseextensions.googleapis.com/v1beta/projects/poruthurstores-1bb74/instances 200
[debug] [2026-08-01T19:27:14.969Z] <<< [apiv2][body] GET https://firebaseextensions.googleapis.com/v1beta/projects/poruthurstores-1bb74/instances {}
[debug] [2026-08-01T19:27:14.971Z] Attempting to merge .env secret bindings {} into declared secrets...)}
[debug] [2026-08-01T19:27:14.971Z] createOrder declared secrets: undefined
[debug] [2026-08-01T19:27:14.971Z] cancelOrder declared secrets: undefined
[info] i  functions: preparing functions directory for uploading... 
[info] i  functions: packaged C:\Users\siddh\grocery-app\functions (104.82 KB) for uploading 
[info] i  functions: ensuring required API run.googleapis.com is enabled... 
[info] i  functions: ensuring required API eventarc.googleapis.com is enabled... 
[info] i  functions: ensuring required API pubsub.googleapis.com is enabled... 
[info] i  functions: ensuring required API storage.googleapis.com is enabled... 
[info] i  functions: generating the service identity for pubsub.googleapis.com... 
[debug] [2026-08-01T19:27:15.076Z] Checked if tokens are valid: true, expires at: 1785615656641
[debug] [2026-08-01T19:27:15.076Z] Checked if tokens are valid: true, expires at: 1785615656641
[info] i  functions: generating the service identity for eventarc.googleapis.com... 
[debug] [2026-08-01T19:27:15.077Z] Checked if tokens are valid: true, expires at: 1785615656641
[debug] [2026-08-01T19:27:15.077Z] Checked if tokens are valid: true, expires at: 1785615656641
[debug] [2026-08-01T19:27:15.077Z] >>> [apiv2][query] POST https://serviceusage.googleapis.com/v1beta1/projects/784163241119/services/pubsub.googleapis.com:generateServiceIdentity [none]
[debug] [2026-08-01T19:27:15.077Z] >>> [apiv2][(partial)header] POST https://serviceusage.googleapis.com/v1beta1/projects/784163241119/services/pubsub.googleapis.com:generateServiceIdentity  x-goog-user-project=784163241119
[debug] [2026-08-01T19:27:15.077Z] >>> [apiv2][body] POST https://serviceusage.googleapis.com/v1beta1/projects/784163241119/services/pubsub.googleapis.com:generateServiceIdentity {}
[debug] [2026-08-01T19:27:15.079Z] >>> [apiv2][query] POST https://serviceusage.googleapis.com/v1beta1/projects/784163241119/services/eventarc.googleapis.com:generateServiceIdentity [none]
[debug] [2026-08-01T19:27:15.079Z] >>> [apiv2][(partial)header] POST https://serviceusage.googleapis.com/v1beta1/projects/784163241119/services/eventarc.googleapis.com:generateServiceIdentity  x-goog-user-project=784163241119
[debug] [2026-08-01T19:27:15.079Z] >>> [apiv2][body] POST https://serviceusage.googleapis.com/v1beta1/projects/784163241119/services/eventarc.googleapis.com:generateServiceIdentity {}
[debug] [2026-08-01T19:27:17.834Z] <<< [apiv2][status] POST https://serviceusage.googleapis.com/v1beta1/projects/784163241119/services/eventarc.googleapis.com:generateServiceIdentity 200
[debug] [2026-08-01T19:27:17.834Z] <<< [apiv2][body] POST https://serviceusage.googleapis.com/v1beta1/projects/784163241119/services/eventarc.googleapis.com:generateServiceIdentity {"name":"operations/finished.DONE_OPERATION","done":true,"response":{"@type":"type.googleapis.com/google.api.serviceusage.v1beta1.ServiceIdentity","email":"service-784163241119@gcp-sa-eventarc.iam.gserviceaccount.com","uniqueId":"116092985823892391189"}}
[debug] [2026-08-01T19:27:17.895Z] <<< [apiv2][status] POST https://serviceusage.googleapis.com/v1beta1/projects/784163241119/services/pubsub.googleapis.com:generateServiceIdentity 200
[debug] [2026-08-01T19:27:17.895Z] <<< [apiv2][body] POST https://serviceusage.googleapis.com/v1beta1/projects/784163241119/services/pubsub.googleapis.com:generateServiceIdentity {"name":"operations/finished.DONE_OPERATION","done":true,"response":{"@type":"type.googleapis.com/google.api.serviceusage.v1beta1.ServiceIdentity","email":"service-784163241119@gcp-sa-pubsub.iam.gserviceaccount.com","uniqueId":"106593903845023918506"}}
[debug] [2026-08-01T19:27:17.898Z] Checked if tokens are valid: true, expires at: 1785615656641
[debug] [2026-08-01T19:27:17.898Z] Checked if tokens are valid: true, expires at: 1785615656641
[debug] [2026-08-01T19:27:17.899Z] >>> [apiv2][query] GET https://cloudresourcemanager.googleapis.com/v1/projects/poruthurstores-1bb74 [none]
[debug] [2026-08-01T19:27:19.771Z] <<< [apiv2][status] GET https://cloudresourcemanager.googleapis.com/v1/projects/poruthurstores-1bb74 200
[debug] [2026-08-01T19:27:19.771Z] <<< [apiv2][body] GET https://cloudresourcemanager.googleapis.com/v1/projects/poruthurstores-1bb74 {"projectNumber":"784163241119","projectId":"poruthurstores-1bb74","lifecycleState":"ACTIVE","name":"PoruthurStores","labels":{"firebase":"enabled","firebase-core":"disabled"},"createTime":"2026-05-31T17:22:09.473Z"}
[debug] [2026-08-01T19:27:19.771Z] Checked if tokens are valid: true, expires at: 1785615656641
[debug] [2026-08-01T19:27:19.771Z] Checked if tokens are valid: true, expires at: 1785615656641
[debug] [2026-08-01T19:27:19.772Z] >>> [apiv2][query] GET https://compute.googleapis.com/compute/v1/projects/784163241119 [none]
[debug] [2026-08-01T19:27:20.744Z] <<< [apiv2][status] GET https://compute.googleapis.com/compute/v1/projects/784163241119 403
[debug] [2026-08-01T19:27:20.744Z] <<< [apiv2][body] GET https://compute.googleapis.com/compute/v1/projects/784163241119 {"error":{"code":403,"message":"Compute Engine API has not been used in project 784163241119 before or it is disabled. Enable it by visiting https://console.developers.google.com/apis/api/compute.googleapis.com/overview?project=784163241119 then retry. If you enabled this API recently, wait a few minutes for the action to propagate to our systems and retry.","errors":[{"message":"Compute Engine API has not been used in project 784163241119 before or it is disabled. Enable it by visiting https://console.developers.google.com/apis/api/compute.googleapis.com/overview?project=784163241119 then retry. If you enabled this API recently, wait a few minutes for the action to propagate to our systems and retry.","domain":"usageLimits","reason":"accessNotConfigured","extendedHelp":"https://console.developers.google.com"}],"status":"PERMISSION_DENIED","details":[{"@type":"type.googleapis.com/google.rpc.ErrorInfo","reason":"SERVICE_DISABLED","domain":"googleapis.com","metadata":{"consumer":"projects/784163241119","containerInfo":"784163241119","activationUrl":"https://console.developers.google.com/apis/api/compute.googleapis.com/overview?project=784163241119","serviceTitle":"Compute Engine API","service":"compute.googleapis.com"}},{"@type":"type.googleapis.com/google.rpc.LocalizedMessage","locale":"en-US","message":"Compute Engine API has not been used in project 784163241119 before or it is disabled. Enable it by visiting https://console.developers.google.com/apis/api/compute.googleapis.com/overview?project=784163241119 then retry. If you enabled this API recently, wait a few minutes for the action to propagate to our systems and retry."},{"@type":"type.googleapis.com/google.rpc.Help","links":[{"description":"Google developers console API activation","url":"https://console.developers.google.com/apis/api/compute.googleapis.com/overview?project=784163241119"}]}]}}
[debug] [2026-08-01T19:27:20.745Z] unable to look up default compute service account. Falling back to 784163241119-compute@developer.gserviceaccount.com. Error: {"name":"FirebaseError","children":[],"context":{"body":{"error":{"code":403,"message":"Compute Engine API has not been used in project 784163241119 before or it is disabled. Enable it by visiting https://console.developers.google.com/apis/api/compute.googleapis.com/overview?project=784163241119 then retry. If you enabled this API recently, wait a few minutes for the action to propagate to our systems and retry.","errors":[{"message":"Compute Engine API has not been used in project 784163241119 before or it is disabled. Enable it by visiting https://console.developers.google.com/apis/api/compute.googleapis.com/overview?project=784163241119 then retry. If you enabled this API recently, wait a few minutes for the action to propagate to our systems and retry.","domain":"usageLimits","reason":"accessNotConfigured","extendedHelp":"https://console.developers.google.com"}],"status":"PERMISSION_DENIED","details":[{"@type":"type.googleapis.com/google.rpc.ErrorInfo","reason":"SERVICE_DISABLED","domain":"googleapis.com","metadata":{"consumer":"projects/784163241119","containerInfo":"784163241119","activationUrl":"https://console.developers.google.com/apis/api/compute.googleapis.com/overview?project=784163241119","serviceTitle":"Compute Engine API","service":"compute.googleapis.com"}},{"@type":"type.googleapis.com/google.rpc.LocalizedMessage","locale":"en-US","message":"Compute Engine API has not been used in project 784163241119 before or it is disabled. Enable it by visiting https://console.developers.google.com/apis/api/compute.googleapis.com/overview?project=784163241119 then retry. If you enabled this API recently, wait a few minutes for the action to propagate to our systems and retry."},{"@type":"type.googleapis.com/google.rpc.Help","links":[{"description":"Google developers console API activation","url":"https://console.developers.google.com/apis/api/compute.googleapis.com/overview?project=784163241119"}]}]}},"response":{"statusCode":403}},"exit":1,"message":"Request to https://compute.googleapis.com/compute/v1/projects/784163241119 had HTTP Error: 403, Compute Engine API has not been used in project 784163241119 before or it is disabled. Enable it by visiting https://console.developers.google.com/apis/api/compute.googleapis.com/overview?project=784163241119 then retry. If you enabled this API recently, wait a few minutes for the action to propagate to our systems and retry.","status":403}
[debug] [2026-08-01T19:27:20.745Z] Checked if tokens are valid: true, expires at: 1785615656641
[debug] [2026-08-01T19:27:20.745Z] Checked if tokens are valid: true, expires at: 1785615656641
[debug] [2026-08-01T19:27:20.745Z] >>> [apiv2][query] GET https://compute.googleapis.com/compute/v1/projects/784163241119 [none]
[debug] [2026-08-01T19:27:21.068Z] <<< [apiv2][status] GET https://compute.googleapis.com/compute/v1/projects/784163241119 403
[debug] [2026-08-01T19:27:21.068Z] <<< [apiv2][body] GET https://compute.googleapis.com/compute/v1/projects/784163241119 {"error":{"code":403,"message":"Compute Engine API has not been used in project 784163241119 before or it is disabled. Enable it by visiting https://console.developers.google.com/apis/api/compute.googleapis.com/overview?project=784163241119 then retry. If you enabled this API recently, wait a few minutes for the action to propagate to our systems and retry.","errors":[{"message":"Compute Engine API has not been used in project 784163241119 before or it is disabled. Enable it by visiting https://console.developers.google.com/apis/api/compute.googleapis.com/overview?project=784163241119 then retry. If you enabled this API recently, wait a few minutes for the action to propagate to our systems and retry.","domain":"usageLimits","reason":"accessNotConfigured","extendedHelp":"https://console.developers.google.com"}],"status":"PERMISSION_DENIED","details":[{"@type":"type.googleapis.com/google.rpc.ErrorInfo","reason":"SERVICE_DISABLED","domain":"googleapis.com","metadata":{"serviceTitle":"Compute Engine API","service":"compute.googleapis.com","containerInfo":"784163241119","activationUrl":"https://console.developers.google.com/apis/api/compute.googleapis.com/overview?project=784163241119","consumer":"projects/784163241119"}},{"@type":"type.googleapis.com/google.rpc.LocalizedMessage","locale":"en-US","message":"Compute Engine API has not been used in project 784163241119 before or it is disabled. Enable it by visiting https://console.developers.google.com/apis/api/compute.googleapis.com/overview?project=784163241119 then retry. If you enabled this API recently, wait a few minutes for the action to propagate to our systems and retry."},{"@type":"type.googleapis.com/google.rpc.Help","links":[{"description":"Google developers console API activation","url":"https://console.developers.google.com/apis/api/compute.googleapis.com/overview?project=784163241119"}]}]}}
[debug] [2026-08-01T19:27:21.068Z] unable to look up default compute service account. Falling back to 784163241119-compute@developer.gserviceaccount.com. Error: {"name":"FirebaseError","children":[],"context":{"body":{"error":{"code":403,"message":"Compute Engine API has not been used in project 784163241119 before or it is disabled. Enable it by visiting https://console.developers.google.com/apis/api/compute.googleapis.com/overview?project=784163241119 then retry. If you enabled this API recently, wait a few minutes for the action to propagate to our systems and retry.","errors":[{"message":"Compute Engine API has not been used in project 784163241119 before or it is disabled. Enable it by visiting https://console.developers.google.com/apis/api/compute.googleapis.com/overview?project=784163241119 then retry. If you enabled this API recently, wait a few minutes for the action to propagate to our systems and retry.","domain":"usageLimits","reason":"accessNotConfigured","extendedHelp":"https://console.developers.google.com"}],"status":"PERMISSION_DENIED","details":[{"@type":"type.googleapis.com/google.rpc.ErrorInfo","reason":"SERVICE_DISABLED","domain":"googleapis.com","metadata":{"serviceTitle":"Compute Engine API","service":"compute.googleapis.com","containerInfo":"784163241119","activationUrl":"https://console.developers.google.com/apis/api/compute.googleapis.com/overview?project=784163241119","consumer":"projects/784163241119"}},{"@type":"type.googleapis.com/google.rpc.LocalizedMessage","locale":"en-US","message":"Compute Engine API has not been used in project 784163241119 before or it is disabled. Enable it by visiting https://console.developers.google.com/apis/api/compute.googleapis.com/overview?project=784163241119 then retry. If you enabled this API recently, wait a few minutes for the action to propagate to our systems and retry."},{"@type":"type.googleapis.com/google.rpc.Help","links":[{"description":"Google developers console API activation","url":"https://console.developers.google.com/apis/api/compute.googleapis.com/overview?project=784163241119"}]}]}},"response":{"statusCode":403}},"exit":1,"message":"Request to https://compute.googleapis.com/compute/v1/projects/784163241119 had HTTP Error: 403, Compute Engine API has not been used in project 784163241119 before or it is disabled. Enable it by visiting https://console.developers.google.com/apis/api/compute.googleapis.com/overview?project=784163241119 then retry. If you enabled this API recently, wait a few minutes for the action to propagate to our systems and retry.","status":403}
[debug] [2026-08-01T19:27:21.069Z] Checked if tokens are valid: true, expires at: 1785615656641
[debug] [2026-08-01T19:27:21.069Z] Checked if tokens are valid: true, expires at: 1785615656641
[debug] [2026-08-01T19:27:21.069Z] >>> [apiv2][query] GET https://compute.googleapis.com/compute/v1/projects/784163241119 [none]
[debug] [2026-08-01T19:27:21.415Z] <<< [apiv2][status] GET https://compute.googleapis.com/compute/v1/projects/784163241119 403
[debug] [2026-08-01T19:27:21.415Z] <<< [apiv2][body] GET https://compute.googleapis.com/compute/v1/projects/784163241119 {"error":{"code":403,"message":"Compute Engine API has not been used in project 784163241119 before or it is disabled. Enable it by visiting https://console.developers.google.com/apis/api/compute.googleapis.com/overview?project=784163241119 then retry. If you enabled this API recently, wait a few minutes for the action to propagate to our systems and retry.","errors":[{"message":"Compute Engine API has not been used in project 784163241119 before or it is disabled. Enable it by visiting https://console.developers.google.com/apis/api/compute.googleapis.com/overview?project=784163241119 then retry. If you enabled this API recently, wait a few minutes for the action to propagate to our systems and retry.","domain":"usageLimits","reason":"accessNotConfigured","extendedHelp":"https://console.developers.google.com"}],"status":"PERMISSION_DENIED","details":[{"@type":"type.googleapis.com/google.rpc.ErrorInfo","reason":"SERVICE_DISABLED","domain":"googleapis.com","metadata":{"activationUrl":"https://console.developers.google.com/apis/api/compute.googleapis.com/overview?project=784163241119","service":"compute.googleapis.com","containerInfo":"784163241119","consumer":"projects/784163241119","serviceTitle":"Compute Engine API"}},{"@type":"type.googleapis.com/google.rpc.LocalizedMessage","locale":"en-US","message":"Compute Engine API has not been used in project 784163241119 before or it is disabled. Enable it by visiting https://console.developers.google.com/apis/api/compute.googleapis.com/overview?project=784163241119 then retry. If you enabled this API recently, wait a few minutes for the action to propagate to our systems and retry."},{"@type":"type.googleapis.com/google.rpc.Help","links":[{"description":"Google developers console API activation","url":"https://console.developers.google.com/apis/api/compute.googleapis.com/overview?project=784163241119"}]}]}}
[debug] [2026-08-01T19:27:21.415Z] unable to look up default compute service account. Falling back to 784163241119-compute@developer.gserviceaccount.com. Error: {"name":"FirebaseError","children":[],"context":{"body":{"error":{"code":403,"message":"Compute Engine API has not been used in project 784163241119 before or it is disabled. Enable it by visiting https://console.developers.google.com/apis/api/compute.googleapis.com/overview?project=784163241119 then retry. If you enabled this API recently, wait a few minutes for the action to propagate to our systems and retry.","errors":[{"message":"Compute Engine API has not been used in project 784163241119 before or it is disabled. Enable it by visiting https://console.developers.google.com/apis/api/compute.googleapis.com/overview?project=784163241119 then retry. If you enabled this API recently, wait a few minutes for the action to propagate to our systems and retry.","domain":"usageLimits","reason":"accessNotConfigured","extendedHelp":"https://console.developers.google.com"}],"status":"PERMISSION_DENIED","details":[{"@type":"type.googleapis.com/google.rpc.ErrorInfo","reason":"SERVICE_DISABLED","domain":"googleapis.com","metadata":{"activationUrl":"https://console.developers.google.com/apis/api/compute.googleapis.com/overview?project=784163241119","service":"compute.googleapis.com","containerInfo":"784163241119","consumer":"projects/784163241119","serviceTitle":"Compute Engine API"}},{"@type":"type.googleapis.com/google.rpc.LocalizedMessage","locale":"en-US","message":"Compute Engine API has not been used in project 784163241119 before or it is disabled. Enable it by visiting https://console.developers.google.com/apis/api/compute.googleapis.com/overview?project=784163241119 then retry. If you enabled this API recently, wait a few minutes for the action to propagate to our systems and retry."},{"@type":"type.googleapis.com/google.rpc.Help","links":[{"description":"Google developers console API activation","url":"https://console.developers.google.com/apis/api/compute.googleapis.com/overview?project=784163241119"}]}]}},"response":{"statusCode":403}},"exit":1,"message":"Request to https://compute.googleapis.com/compute/v1/projects/784163241119 had HTTP Error: 403, Compute Engine API has not been used in project 784163241119 before or it is disabled. Enable it by visiting https://console.developers.google.com/apis/api/compute.googleapis.com/overview?project=784163241119 then retry. If you enabled this API recently, wait a few minutes for the action to propagate to our systems and retry.","status":403}
[debug] [2026-08-01T19:27:21.415Z] Checked if tokens are valid: true, expires at: 1785615656641
[debug] [2026-08-01T19:27:21.415Z] Checked if tokens are valid: true, expires at: 1785615656641
[debug] [2026-08-01T19:27:21.416Z] >>> [apiv2][query] GET https://compute.googleapis.com/compute/v1/projects/784163241119 [none]
[debug] [2026-08-01T19:27:21.783Z] <<< [apiv2][status] GET https://compute.googleapis.com/compute/v1/projects/784163241119 403
[debug] [2026-08-01T19:27:21.784Z] <<< [apiv2][body] GET https://compute.googleapis.com/compute/v1/projects/784163241119 {"error":{"code":403,"message":"Compute Engine API has not been used in project 784163241119 before or it is disabled. Enable it by visiting https://console.developers.google.com/apis/api/compute.googleapis.com/overview?project=784163241119 then retry. If you enabled this API recently, wait a few minutes for the action to propagate to our systems and retry.","errors":[{"message":"Compute Engine API has not been used in project 784163241119 before or it is disabled. Enable it by visiting https://console.developers.google.com/apis/api/compute.googleapis.com/overview?project=784163241119 then retry. If you enabled this API recently, wait a few minutes for the action to propagate to our systems and retry.","domain":"usageLimits","reason":"accessNotConfigured","extendedHelp":"https://console.developers.google.com"}],"status":"PERMISSION_DENIED","details":[{"@type":"type.googleapis.com/google.rpc.ErrorInfo","reason":"SERVICE_DISABLED","domain":"googleapis.com","metadata":{"activationUrl":"https://console.developers.google.com/apis/api/compute.googleapis.com/overview?project=784163241119","consumer":"projects/784163241119","serviceTitle":"Compute Engine API","service":"compute.googleapis.com","containerInfo":"784163241119"}},{"@type":"type.googleapis.com/google.rpc.LocalizedMessage","locale":"en-US","message":"Compute Engine API has not been used in project 784163241119 before or it is disabled. Enable it by visiting https://console.developers.google.com/apis/api/compute.googleapis.com/overview?project=784163241119 then retry. If you enabled this API recently, wait a few minutes for the action to propagate to our systems and retry."},{"@type":"type.googleapis.com/google.rpc.Help","links":[{"description":"Google developers console API activation","url":"https://console.developers.google.com/apis/api/compute.googleapis.com/overview?project=784163241119"}]}]}}
[debug] [2026-08-01T19:27:21.784Z] unable to look up default compute service account. Falling back to 784163241119-compute@developer.gserviceaccount.com. Error: {"name":"FirebaseError","children":[],"context":{"body":{"error":{"code":403,"message":"Compute Engine API has not been used in project 784163241119 before or it is disabled. Enable it by visiting https://console.developers.google.com/apis/api/compute.googleapis.com/overview?project=784163241119 then retry. If you enabled this API recently, wait a few minutes for the action to propagate to our systems and retry.","errors":[{"message":"Compute Engine API has not been used in project 784163241119 before or it is disabled. Enable it by visiting https://console.developers.google.com/apis/api/compute.googleapis.com/overview?project=784163241119 then retry. If you enabled this API recently, wait a few minutes for the action to propagate to our systems and retry.","domain":"usageLimits","reason":"accessNotConfigured","extendedHelp":"https://console.developers.google.com"}],"status":"PERMISSION_DENIED","details":[{"@type":"type.googleapis.com/google.rpc.ErrorInfo","reason":"SERVICE_DISABLED","domain":"googleapis.com","metadata":{"activationUrl":"https://console.developers.google.com/apis/api/compute.googleapis.com/overview?project=784163241119","consumer":"projects/784163241119","serviceTitle":"Compute Engine API","service":"compute.googleapis.com","containerInfo":"784163241119"}},{"@type":"type.googleapis.com/google.rpc.LocalizedMessage","locale":"en-US","message":"Compute Engine API has not been used in project 784163241119 before or it is disabled. Enable it by visiting https://console.developers.google.com/apis/api/compute.googleapis.com/overview?project=784163241119 then retry. If you enabled this API recently, wait a few minutes for the action to propagate to our systems and retry."},{"@type":"type.googleapis.com/google.rpc.Help","links":[{"description":"Google developers console API activation","url":"https://console.developers.google.com/apis/api/compute.googleapis.com/overview?project=784163241119"}]}]}},"response":{"statusCode":403}},"exit":1,"message":"Request to https://compute.googleapis.com/compute/v1/projects/784163241119 had HTTP Error: 403, Compute Engine API has not been used in project 784163241119 before or it is disabled. Enable it by visiting https://console.developers.google.com/apis/api/compute.googleapis.com/overview?project=784163241119 then retry. If you enabled this API recently, wait a few minutes for the action to propagate to our systems and retry.","status":403}
[debug] [2026-08-01T19:27:21.784Z] Checked if tokens are valid: true, expires at: 1785615656641
[debug] [2026-08-01T19:27:21.784Z] Checked if tokens are valid: true, expires at: 1785615656641
[debug] [2026-08-01T19:27:21.784Z] >>> [apiv2][query] GET https://compute.googleapis.com/compute/v1/projects/784163241119 [none]
[debug] [2026-08-01T19:27:22.261Z] <<< [apiv2][status] GET https://compute.googleapis.com/compute/v1/projects/784163241119 403
[debug] [2026-08-01T19:27:22.261Z] <<< [apiv2][body] GET https://compute.googleapis.com/compute/v1/projects/784163241119 {"error":{"code":403,"message":"Compute Engine API has not been used in project 784163241119 before or it is disabled. Enable it by visiting https://console.developers.google.com/apis/api/compute.googleapis.com/overview?project=784163241119 then retry. If you enabled this API recently, wait a few minutes for the action to propagate to our systems and retry.","errors":[{"message":"Compute Engine API has not been used in project 784163241119 before or it is disabled. Enable it by visiting https://console.developers.google.com/apis/api/compute.googleapis.com/overview?project=784163241119 then retry. If you enabled this API recently, wait a few minutes for the action to propagate to our systems and retry.","domain":"usageLimits","reason":"accessNotConfigured","extendedHelp":"https://console.developers.google.com"}],"status":"PERMISSION_DENIED","details":[{"@type":"type.googleapis.com/google.rpc.ErrorInfo","reason":"SERVICE_DISABLED","domain":"googleapis.com","metadata":{"containerInfo":"784163241119","serviceTitle":"Compute Engine API","service":"compute.googleapis.com","consumer":"projects/784163241119","activationUrl":"https://console.developers.google.com/apis/api/compute.googleapis.com/overview?project=784163241119"}},{"@type":"type.googleapis.com/google.rpc.LocalizedMessage","locale":"en-US","message":"Compute Engine API has not been used in project 784163241119 before or it is disabled. Enable it by visiting https://console.developers.google.com/apis/api/compute.googleapis.com/overview?project=784163241119 then retry. If you enabled this API recently, wait a few minutes for the action to propagate to our systems and retry."},{"@type":"type.googleapis.com/google.rpc.Help","links":[{"description":"Google developers console API activation","url":"https://console.developers.google.com/apis/api/compute.googleapis.com/overview?project=784163241119"}]}]}}
[debug] [2026-08-01T19:27:22.261Z] unable to look up default compute service account. Falling back to 784163241119-compute@developer.gserviceaccount.com. Error: {"name":"FirebaseError","children":[],"context":{"body":{"error":{"code":403,"message":"Compute Engine API has not been used in project 784163241119 before or it is disabled. Enable it by visiting https://console.developers.google.com/apis/api/compute.googleapis.com/overview?project=784163241119 then retry. If you enabled this API recently, wait a few minutes for the action to propagate to our systems and retry.","errors":[{"message":"Compute Engine API has not been used in project 784163241119 before or it is disabled. Enable it by visiting https://console.developers.google.com/apis/api/compute.googleapis.com/overview?project=784163241119 then retry. If you enabled this API recently, wait a few minutes for the action to propagate to our systems and retry.","domain":"usageLimits","reason":"accessNotConfigured","extendedHelp":"https://console.developers.google.com"}],"status":"PERMISSION_DENIED","details":[{"@type":"type.googleapis.com/google.rpc.ErrorInfo","reason":"SERVICE_DISABLED","domain":"googleapis.com","metadata":{"containerInfo":"784163241119","serviceTitle":"Compute Engine API","service":"compute.googleapis.com","consumer":"projects/784163241119","activationUrl":"https://console.developers.google.com/apis/api/compute.googleapis.com/overview?project=784163241119"}},{"@type":"type.googleapis.com/google.rpc.LocalizedMessage","locale":"en-US","message":"Compute Engine API has not been used in project 784163241119 before or it is disabled. Enable it by visiting https://console.developers.google.com/apis/api/compute.googleapis.com/overview?project=784163241119 then retry. If you enabled this API recently, wait a few minutes for the action to propagate to our systems and retry."},{"@type":"type.googleapis.com/google.rpc.Help","links":[{"description":"Google developers console API activation","url":"https://console.developers.google.com/apis/api/compute.googleapis.com/overview?project=784163241119"}]}]}},"response":{"statusCode":403}},"exit":1,"message":"Request to https://compute.googleapis.com/compute/v1/projects/784163241119 had HTTP Error: 403, Compute Engine API has not been used in project 784163241119 before or it is disabled. Enable it by visiting https://console.developers.google.com/apis/api/compute.googleapis.com/overview?project=784163241119 then retry. If you enabled this API recently, wait a few minutes for the action to propagate to our systems and retry.","status":403}
[debug] [2026-08-01T19:27:22.263Z] Checked if tokens are valid: true, expires at: 1785615656641
[debug] [2026-08-01T19:27:22.263Z] Checked if tokens are valid: true, expires at: 1785615656641
[debug] [2026-08-01T19:27:22.263Z] >>> [apiv2][query] GET https://cloudbilling.googleapis.com/v1/projects/poruthurstores-1bb74/billingInfo [none]
[debug] [2026-08-01T19:27:22.263Z] >>> [apiv2][(partial)header] GET https://cloudbilling.googleapis.com/v1/projects/poruthurstores-1bb74/billingInfo  x-goog-user-project=poruthurstores-1bb74
[debug] [2026-08-01T19:27:23.975Z] <<< [apiv2][status] GET https://cloudbilling.googleapis.com/v1/projects/poruthurstores-1bb74/billingInfo 200
[debug] [2026-08-01T19:27:23.975Z] <<< [apiv2][body] GET https://cloudbilling.googleapis.com/v1/projects/poruthurstores-1bb74/billingInfo {"name":"projects/poruthurstores-1bb74/billingInfo","projectId":"poruthurstores-1bb74","billingAccountName":"billingAccounts/01EFD5-3E8562-EF9F15","billingEnabled":true}
[debug] [2026-08-01T19:27:23.977Z] Checked if tokens are valid: true, expires at: 1785615656641
[debug] [2026-08-01T19:27:23.977Z] Checked if tokens are valid: true, expires at: 1785615656641
[debug] [2026-08-01T19:27:23.977Z] >>> [apiv2][query] POST https://cloudfunctions.googleapis.com/v2/projects/poruthurstores-1bb74/locations/us-central1/functions:generateUploadUrl [none]
[debug] [2026-08-01T19:27:26.447Z] <<< [apiv2][status] POST https://cloudfunctions.googleapis.com/v2/projects/poruthurstores-1bb74/locations/us-central1/functions:generateUploadUrl 200
[debug] [2026-08-01T19:27:26.447Z] <<< [apiv2][body] POST https://cloudfunctions.googleapis.com/v2/projects/poruthurstores-1bb74/locations/us-central1/functions:generateUploadUrl {"uploadUrl":"https://storage.googleapis.com/gcf-v2-uploads-784163241119.us-central1.cloudfunctions.appspot.com/b95bec89-b68f-4aa8-aeab-5a3273cc78d2.zip?GoogleAccessId=service-784163241119@gcf-admin-robot.iam.gserviceaccount.com&Expires=1785614247&Signature=bxWpfiuA33vc1B%2F0clF3qg26wRFbgxk8DVRJajf0gN8%2BSSRuA%2BgH2VsZinjNMxh%2Bh5jJ7pWYSOO8o0vf9IavkVQSJXGG6pmGMZY%2BFv4ly37uwWg3XNI0JnFl%2FXEAmiunI784TAnp5hjn7C%2Fvt%2F9bj0wujP43EqzIF77gznHFKN5B%2FjHjfUSwJ7SHWBH1c8GuBEm8xmEmSotxTsGYdZEubqIUJJeD90iCtNQYhqx2zlDA7CTQNSC3HsNd6QJRrdgKCb0ma2zTI59cqDIpYAVcskS8jYyV0aRQyyd1yo4qWT33AqZEq0xd3nWkKxSjYIOXV%2FzVUIw46ara6v0HFUVCpQ%3D%3D","storageSource":{"bucket":"gcf-v2-uploads-784163241119.us-central1.cloudfunctions.appspot.com","object":"b95bec89-b68f-4aa8-aeab-5a3273cc78d2.zip"}}
[debug] [2026-08-01T19:27:26.448Z] >>> [apiv2][query] PUT https://storage.googleapis.com/gcf-v2-uploads-784163241119.us-central1.cloudfunctions.appspot.com/b95bec89-b68f-4aa8-aeab-5a3273cc78d2.zip GoogleAccessId=service-784163241119%40gcf-admin-robot.iam.gserviceaccount.com&Expires=1785614247&Signature=bxWpfiuA33vc1B%2F0clF3qg26wRFbgxk8DVRJajf0gN8%2BSSRuA%2BgH2VsZinjNMxh%2Bh5jJ7pWYSOO8o0vf9IavkVQSJXGG6pmGMZY%2BFv4ly37uwWg3XNI0JnFl%2FXEAmiunI784TAnp5hjn7C%2Fvt%2F9bj0wujP43EqzIF77gznHFKN5B%2FjHjfUSwJ7SHWBH1c8GuBEm8xmEmSotxTsGYdZEubqIUJJeD90iCtNQYhqx2zlDA7CTQNSC3HsNd6QJRrdgKCb0ma2zTI59cqDIpYAVcskS8jYyV0aRQyyd1yo4qWT33AqZEq0xd3nWkKxSjYIOXV%2FzVUIw46ara6v0HFUVCpQ%3D%3D
[debug] [2026-08-01T19:27:26.448Z] >>> [apiv2][body] PUT https://storage.googleapis.com/gcf-v2-uploads-784163241119.us-central1.cloudfunctions.appspot.com/b95bec89-b68f-4aa8-aeab-5a3273cc78d2.zip [stream]
[debug] [2026-08-01T19:27:29.373Z] <<< [apiv2][status] PUT https://storage.googleapis.com/gcf-v2-uploads-784163241119.us-central1.cloudfunctions.appspot.com/b95bec89-b68f-4aa8-aeab-5a3273cc78d2.zip 200
[debug] [2026-08-01T19:27:29.373Z] <<< [apiv2][body] PUT https://storage.googleapis.com/gcf-v2-uploads-784163241119.us-central1.cloudfunctions.appspot.com/b95bec89-b68f-4aa8-aeab-5a3273cc78d2.zip [omitted]
[info] +  functions: functions source uploaded successfully 
[info] 
The following functions are found in your project but do not exist in your local source code:
	processNewOrder(asia-south1)
	restoreStockAfterCancellation(asia-south1)

If you are renaming a function or changing its region, it is recommended that you create the new function first before deleting the old one to prevent event loss. For more info, visit https://firebase.google.com/docs/functions/manage-functions#modify

[info] i  functions: updating Node.js 22 (2nd Gen) function createOrder(us-central1)... 
[info] i  functions: updating Node.js 22 (2nd Gen) function cancelOrder(us-central1)... 
[debug] [2026-08-01T19:27:32.062Z] Checked if tokens are valid: true, expires at: 1785615656641
[debug] [2026-08-01T19:27:32.062Z] Checked if tokens are valid: true, expires at: 1785615656641
[debug] [2026-08-01T19:27:32.062Z] >>> [apiv2][query] PATCH https://cloudfunctions.googleapis.com/v2/projects/poruthurstores-1bb74/locations/us-central1/functions/createOrder updateMask=name%2CbuildConfig.runtime%2CbuildConfig.entryPoint%2CbuildConfig.source.storageSource.bucket%2CbuildConfig.source.storageSource.object%2CbuildConfig.environmentVariables%2CbuildConfig.sourceToken%2CserviceConfig.environmentVariables%2CserviceConfig.ingressSettings%2CserviceConfig.timeoutSeconds%2CserviceConfig.serviceAccountEmail%2CserviceConfig.availableMemory%2CserviceConfig.minInstanceCount%2CserviceConfig.maxInstanceCount%2CserviceConfig.maxInstanceRequestConcurrency%2CserviceConfig.availableCpu%2CserviceConfig.vpcConnector%2CserviceConfig.vpcConnectorEgressSettings%2CserviceConfig.directVpcNetworkInterface%2CserviceConfig.directVpcEgress%2Clabels
[debug] [2026-08-01T19:27:32.063Z] >>> [apiv2][body] PATCH https://cloudfunctions.googleapis.com/v2/projects/poruthurstores-1bb74/locations/us-central1/functions/createOrder {"name":"projects/poruthurstores-1bb74/locations/us-central1/functions/createOrder","buildConfig":{"runtime":"nodejs22","entryPoint":"createOrder","source":{"storageSource":{"bucket":"gcf-v2-uploads-784163241119.us-central1.cloudfunctions.appspot.com","object":"b95bec89-b68f-4aa8-aeab-5a3273cc78d2.zip"}},"environmentVariables":{"GOOGLE_NODE_RUN_SCRIPTS":""}},"serviceConfig":{"environmentVariables":{"FIREBASE_CONFIG":"{\"projectId\":\"poruthurstores-1bb74\",\"storageBucket\":\"poruthurstores-1bb74.firebasestorage.app\"}","GCLOUD_PROJECT":"poruthurstores-1bb74","EVENTARC_CLOUD_EVENT_SOURCE":"projects/poruthurstores-1bb74/locations/us-central1/services/createOrder","FUNCTION_REGION":"us-central1","FUNCTION_TARGET":"createOrder","LOG_EXECUTION_ID":"true"},"ingressSettings":null,"timeoutSeconds":null,"serviceAccountEmail":null,"availableMemory":"256Mi","minInstanceCount":null,"maxInstanceCount":null,"maxInstanceRequestConcurrency":80,"availableCpu":"1","vpcConnector":null,"vpcConnectorEgressSettings":null,"directVpcNetworkInterface":null,"directVpcEgress":null},"labels":{"deployment-tool":"cli-firebase","deployment-callable":"true","firebase-functions-hash":"42b478bc6a4d47cad11577267a996852cc234973"}}
[debug] [2026-08-01T19:27:34.628Z] <<< [apiv2][status] PATCH https://cloudfunctions.googleapis.com/v2/projects/poruthurstores-1bb74/locations/us-central1/functions/createOrder 200
[debug] [2026-08-01T19:27:34.628Z] <<< [apiv2][body] PATCH https://cloudfunctions.googleapis.com/v2/projects/poruthurstores-1bb74/locations/us-central1/functions/createOrder {"name":"projects/poruthurstores-1bb74/locations/us-central1/operations/operation-1785612454875-658014c14503c-5c15f908-4d90ea01","metadata":{"@type":"type.googleapis.com/google.cloud.functions.v2.OperationMetadata","createTime":"2026-08-01T19:27:35.617376226Z","target":"projects/poruthurstores-1bb74/locations/us-central1/functions/createOrder","verb":"update","cancelRequested":false,"apiVersion":"v2"},"done":false}
[debug] [2026-08-01T19:27:34.629Z] Checked if tokens are valid: true, expires at: 1785615656641
[debug] [2026-08-01T19:27:34.629Z] Checked if tokens are valid: true, expires at: 1785615656641
[debug] [2026-08-01T19:27:34.629Z] >>> [apiv2][query] GET https://cloudfunctions.googleapis.com/v2/projects/poruthurstores-1bb74/locations/us-central1/operations/operation-1785612454875-658014c14503c-5c15f908-4d90ea01 [none]
[debug] [2026-08-01T19:27:36.021Z] <<< [apiv2][status] GET https://cloudfunctions.googleapis.com/v2/projects/poruthurstores-1bb74/locations/us-central1/operations/operation-1785612454875-658014c14503c-5c15f908-4d90ea01 200
[debug] [2026-08-01T19:27:36.021Z] <<< [apiv2][body] GET https://cloudfunctions.googleapis.com/v2/projects/poruthurstores-1bb74/locations/us-central1/operations/operation-1785612454875-658014c14503c-5c15f908-4d90ea01 {"name":"projects/poruthurstores-1bb74/locations/us-central1/operations/operation-1785612454875-658014c14503c-5c15f908-4d90ea01","metadata":{"@type":"type.googleapis.com/google.cloud.functions.v2.OperationMetadata","createTime":"2026-08-01T19:27:35.617376226Z","target":"projects/poruthurstores-1bb74/locations/us-central1/functions/createOrder","verb":"update","cancelRequested":false,"apiVersion":"v2","requestResource":{"@type":"type.googleapis.com/google.cloud.functions.v2.Function","name":"projects/poruthurstores-1bb74/locations/us-central1/functions/createOrder","buildConfig":{"runtime":"nodejs22","entryPoint":"createOrder","source":{"storageSource":{"bucket":"gcf-v2-sources-784163241119-us-central1","object":"createOrder/function-source.zip","generation":"1785612455566472"}},"environmentVariables":{"GOOGLE_NODE_RUN_SCRIPTS":""},"dockerRepository":"projects/poruthurstores-1bb74/locations/us-central1/repositories/gcf-artifacts","sourceProvenance":{"resolvedStorageSource":{"bucket":"gcf-v2-sources-784163241119-us-central1","object":"createOrder/function-source.zip","generation":"1785612114345135"}},"dockerRegistry":"ARTIFACT_REGISTRY","serviceAccount":"projects/poruthurstores-1bb74/serviceAccounts/784163241119-compute@developer.gserviceaccount.com","automaticUpdatePolicy":{}},"serviceConfig":{"service":"projects/poruthurstores-1bb74/locations/us-central1/services/createorder","timeoutSeconds":60,"environmentVariables":{"FIREBASE_CONFIG":"{\"projectId\":\"poruthurstores-1bb74\",\"storageBucket\":\"poruthurstores-1bb74.firebasestorage.app\"}","GCLOUD_PROJECT":"poruthurstores-1bb74","EVENTARC_CLOUD_EVENT_SOURCE":"projects/poruthurstores-1bb74/locations/us-central1/services/createOrder","FUNCTION_REGION":"us-central1","FUNCTION_TARGET":"createOrder","LOG_EXECUTION_ID":"true"},"ingressSettings":"ALLOW_ALL","serviceAccountEmail":"784163241119-compute@developer.gserviceaccount.com","availableMemory":"256Mi","maxInstanceRequestConcurrency":80,"availableCpu":"1"},"state":"UNKNOWN","labels":{"deployment-callable":"true","firebase-functions-hash":"42b478bc6a4d47cad11577267a996852cc234973"},"stateMessages":[{"severity":"ERROR","type":"CloudRunServiceNotFound","message":"Cloud Run service projects/poruthurstores-1bb74/locations/us-central1/services/createorder for the function was not found. The function will not work correctly. Please redeploy."}],"environment":"GEN_2","url":"https://us-central1-poruthurstores-1bb74.cloudfunctions.net/createOrder","satisfiesPzi":true},"stages":[{"name":"BUILD","message":"Build in progress","state":"IN_PROGRESS","resource":"projects/784163241119/locations/us-central1/builds/482b8ecd-43eb-4aad-a6f2-3e80d4bd658e","resourceUri":"https://console.cloud.google.com/cloud-build/builds;region=us-central1/482b8ecd-43eb-4aad-a6f2-3e80d4bd658e?project=784163241119"},{"name":"SERVICE","state":"NOT_STARTED"}],"operationType":"UPDATE_FUNCTION","buildName":"projects/784163241119/locations/us-central1/builds/482b8ecd-43eb-4aad-a6f2-3e80d4bd658e"},"done":false}
[debug] [2026-08-01T19:27:36.533Z] [update-default-us-central1-createOrder] Retrying task index 0
[debug] [2026-08-01T19:27:36.534Z] Checked if tokens are valid: true, expires at: 1785615656641
[debug] [2026-08-01T19:27:36.534Z] Checked if tokens are valid: true, expires at: 1785615656641
[debug] [2026-08-01T19:27:36.534Z] >>> [apiv2][query] GET https://cloudfunctions.googleapis.com/v2/projects/poruthurstores-1bb74/locations/us-central1/operations/operation-1785612454875-658014c14503c-5c15f908-4d90ea01 [none]
[debug] [2026-08-01T19:27:38.162Z] <<< [apiv2][status] GET https://cloudfunctions.googleapis.com/v2/projects/poruthurstores-1bb74/locations/us-central1/operations/operation-1785612454875-658014c14503c-5c15f908-4d90ea01 200
[debug] [2026-08-01T19:27:38.163Z] <<< [apiv2][body] GET https://cloudfunctions.googleapis.com/v2/projects/poruthurstores-1bb74/locations/us-central1/operations/operation-1785612454875-658014c14503c-5c15f908-4d90ea01 {"name":"projects/poruthurstores-1bb74/locations/us-central1/operations/operation-1785612454875-658014c14503c-5c15f908-4d90ea01","metadata":{"@type":"type.googleapis.com/google.cloud.functions.v2.OperationMetadata","createTime":"2026-08-01T19:27:35.617376226Z","target":"projects/poruthurstores-1bb74/locations/us-central1/functions/createOrder","verb":"update","cancelRequested":false,"apiVersion":"v2","requestResource":{"@type":"type.googleapis.com/google.cloud.functions.v2.Function","name":"projects/poruthurstores-1bb74/locations/us-central1/functions/createOrder","buildConfig":{"runtime":"nodejs22","entryPoint":"createOrder","source":{"storageSource":{"bucket":"gcf-v2-sources-784163241119-us-central1","object":"createOrder/function-source.zip","generation":"1785612455566472"}},"environmentVariables":{"GOOGLE_NODE_RUN_SCRIPTS":""},"dockerRepository":"projects/poruthurstores-1bb74/locations/us-central1/repositories/gcf-artifacts","sourceProvenance":{"resolvedStorageSource":{"bucket":"gcf-v2-sources-784163241119-us-central1","object":"createOrder/function-source.zip","generation":"1785612114345135"}},"dockerRegistry":"ARTIFACT_REGISTRY","serviceAccount":"projects/poruthurstores-1bb74/serviceAccounts/784163241119-compute@developer.gserviceaccount.com","automaticUpdatePolicy":{}},"serviceConfig":{"service":"projects/poruthurstores-1bb74/locations/us-central1/services/createorder","timeoutSeconds":60,"environmentVariables":{"FIREBASE_CONFIG":"{\"projectId\":\"poruthurstores-1bb74\",\"storageBucket\":\"poruthurstores-1bb74.firebasestorage.app\"}","GCLOUD_PROJECT":"poruthurstores-1bb74","EVENTARC_CLOUD_EVENT_SOURCE":"projects/poruthurstores-1bb74/locations/us-central1/services/createOrder","FUNCTION_REGION":"us-central1","FUNCTION_TARGET":"createOrder","LOG_EXECUTION_ID":"true"},"ingressSettings":"ALLOW_ALL","serviceAccountEmail":"784163241119-compute@developer.gserviceaccount.com","availableMemory":"256Mi","maxInstanceRequestConcurrency":80,"availableCpu":"1"},"state":"UNKNOWN","labels":{"deployment-callable":"true","firebase-functions-hash":"42b478bc6a4d47cad11577267a996852cc234973"},"stateMessages":[{"severity":"ERROR","type":"CloudRunServiceNotFound","message":"Cloud Run service projects/poruthurstores-1bb74/locations/us-central1/services/createorder for the function was not found. The function will not work correctly. Please redeploy."}],"environment":"GEN_2","url":"https://us-central1-poruthurstores-1bb74.cloudfunctions.net/createOrder","satisfiesPzi":true},"stages":[{"name":"BUILD","message":"Build in progress","state":"IN_PROGRESS","resource":"projects/784163241119/locations/us-central1/builds/482b8ecd-43eb-4aad-a6f2-3e80d4bd658e","resourceUri":"https://console.cloud.google.com/cloud-build/builds;region=us-central1/482b8ecd-43eb-4aad-a6f2-3e80d4bd658e?project=784163241119"},{"name":"SERVICE","state":"NOT_STARTED"}],"operationType":"UPDATE_FUNCTION","buildName":"projects/784163241119/locations/us-central1/builds/482b8ecd-43eb-4aad-a6f2-3e80d4bd658e"},"done":false}
[debug] [2026-08-01T19:27:39.176Z] [update-default-us-central1-createOrder] Retrying task index 0
[debug] [2026-08-01T19:27:39.176Z] Checked if tokens are valid: true, expires at: 1785615656641
[debug] [2026-08-01T19:27:39.176Z] Checked if tokens are valid: true, expires at: 1785615656641
[debug] [2026-08-01T19:27:39.176Z] >>> [apiv2][query] GET https://cloudfunctions.googleapis.com/v2/projects/poruthurstores-1bb74/locations/us-central1/operations/operation-1785612454875-658014c14503c-5c15f908-4d90ea01 [none]
[debug] [2026-08-01T19:27:40.677Z] <<< [apiv2][status] GET https://cloudfunctions.googleapis.com/v2/projects/poruthurstores-1bb74/locations/us-central1/operations/operation-1785612454875-658014c14503c-5c15f908-4d90ea01 200
[debug] [2026-08-01T19:27:40.677Z] <<< [apiv2][body] GET https://cloudfunctions.googleapis.com/v2/projects/poruthurstores-1bb74/locations/us-central1/operations/operation-1785612454875-658014c14503c-5c15f908-4d90ea01 {"name":"projects/poruthurstores-1bb74/locations/us-central1/operations/operation-1785612454875-658014c14503c-5c15f908-4d90ea01","metadata":{"@type":"type.googleapis.com/google.cloud.functions.v2.OperationMetadata","createTime":"2026-08-01T19:27:35.617376226Z","target":"projects/poruthurstores-1bb74/locations/us-central1/functions/createOrder","verb":"update","cancelRequested":false,"apiVersion":"v2","requestResource":{"@type":"type.googleapis.com/google.cloud.functions.v2.Function","name":"projects/poruthurstores-1bb74/locations/us-central1/functions/createOrder","buildConfig":{"runtime":"nodejs22","entryPoint":"createOrder","source":{"storageSource":{"bucket":"gcf-v2-sources-784163241119-us-central1","object":"createOrder/function-source.zip","generation":"1785612455566472"}},"environmentVariables":{"GOOGLE_NODE_RUN_SCRIPTS":""},"dockerRepository":"projects/poruthurstores-1bb74/locations/us-central1/repositories/gcf-artifacts","sourceProvenance":{"resolvedStorageSource":{"bucket":"gcf-v2-sources-784163241119-us-central1","object":"createOrder/function-source.zip","generation":"1785612114345135"}},"dockerRegistry":"ARTIFACT_REGISTRY","serviceAccount":"projects/poruthurstores-1bb74/serviceAccounts/784163241119-compute@developer.gserviceaccount.com","automaticUpdatePolicy":{}},"serviceConfig":{"service":"projects/poruthurstores-1bb74/locations/us-central1/services/createorder","timeoutSeconds":60,"environmentVariables":{"FIREBASE_CONFIG":"{\"projectId\":\"poruthurstores-1bb74\",\"storageBucket\":\"poruthurstores-1bb74.firebasestorage.app\"}","GCLOUD_PROJECT":"poruthurstores-1bb74","EVENTARC_CLOUD_EVENT_SOURCE":"projects/poruthurstores-1bb74/locations/us-central1/services/createOrder","FUNCTION_REGION":"us-central1","FUNCTION_TARGET":"createOrder","LOG_EXECUTION_ID":"true"},"ingressSettings":"ALLOW_ALL","serviceAccountEmail":"784163241119-compute@developer.gserviceaccount.com","availableMemory":"256Mi","maxInstanceRequestConcurrency":80,"availableCpu":"1"},"state":"UNKNOWN","labels":{"deployment-callable":"true","firebase-functions-hash":"42b478bc6a4d47cad11577267a996852cc234973"},"stateMessages":[{"severity":"ERROR","type":"CloudRunServiceNotFound","message":"Cloud Run service projects/poruthurstores-1bb74/locations/us-central1/services/createorder for the function was not found. The function will not work correctly. Please redeploy."}],"environment":"GEN_2","url":"https://us-central1-poruthurstores-1bb74.cloudfunctions.net/createOrder","satisfiesPzi":true},"stages":[{"name":"BUILD","message":"Build in progress","state":"IN_PROGRESS","resource":"projects/784163241119/locations/us-central1/builds/482b8ecd-43eb-4aad-a6f2-3e80d4bd658e","resourceUri":"https://console.cloud.google.com/cloud-build/builds;region=us-central1/482b8ecd-43eb-4aad-a6f2-3e80d4bd658e?project=784163241119"},{"name":"SERVICE","state":"NOT_STARTED"}],"operationType":"UPDATE_FUNCTION","buildName":"projects/784163241119/locations/us-central1/builds/482b8ecd-43eb-4aad-a6f2-3e80d4bd658e"},"done":false}
[debug] [2026-08-01T19:27:42.688Z] [update-default-us-central1-createOrder] Retrying task index 0
[debug] [2026-08-01T19:27:42.689Z] Checked if tokens are valid: true, expires at: 1785615656641
[debug] [2026-08-01T19:27:42.689Z] Checked if tokens are valid: true, expires at: 1785615656641
[debug] [2026-08-01T19:27:42.689Z] >>> [apiv2][query] GET https://cloudfunctions.googleapis.com/v2/projects/poruthurstores-1bb74/locations/us-central1/operations/operation-1785612454875-658014c14503c-5c15f908-4d90ea01 [none]
[debug] [2026-08-01T19:27:44.093Z] <<< [apiv2][status] GET https://cloudfunctions.googleapis.com/v2/projects/poruthurstores-1bb74/locations/us-central1/operations/operation-1785612454875-658014c14503c-5c15f908-4d90ea01 200
[debug] [2026-08-01T19:27:44.093Z] <<< [apiv2][body] GET https://cloudfunctions.googleapis.com/v2/projects/poruthurstores-1bb74/locations/us-central1/operations/operation-1785612454875-658014c14503c-5c15f908-4d90ea01 {"name":"projects/poruthurstores-1bb74/locations/us-central1/operations/operation-1785612454875-658014c14503c-5c15f908-4d90ea01","metadata":{"@type":"type.googleapis.com/google.cloud.functions.v2.OperationMetadata","createTime":"2026-08-01T19:27:35.617376226Z","target":"projects/poruthurstores-1bb74/locations/us-central1/functions/createOrder","verb":"update","cancelRequested":false,"apiVersion":"v2","requestResource":{"@type":"type.googleapis.com/google.cloud.functions.v2.Function","name":"projects/poruthurstores-1bb74/locations/us-central1/functions/createOrder","buildConfig":{"runtime":"nodejs22","entryPoint":"createOrder","source":{"storageSource":{"bucket":"gcf-v2-sources-784163241119-us-central1","object":"createOrder/function-source.zip","generation":"1785612455566472"}},"environmentVariables":{"GOOGLE_NODE_RUN_SCRIPTS":""},"dockerRepository":"projects/poruthurstores-1bb74/locations/us-central1/repositories/gcf-artifacts","sourceProvenance":{"resolvedStorageSource":{"bucket":"gcf-v2-sources-784163241119-us-central1","object":"createOrder/function-source.zip","generation":"1785612114345135"}},"dockerRegistry":"ARTIFACT_REGISTRY","serviceAccount":"projects/poruthurstores-1bb74/serviceAccounts/784163241119-compute@developer.gserviceaccount.com","automaticUpdatePolicy":{}},"serviceConfig":{"service":"projects/poruthurstores-1bb74/locations/us-central1/services/createorder","timeoutSeconds":60,"environmentVariables":{"FIREBASE_CONFIG":"{\"projectId\":\"poruthurstores-1bb74\",\"storageBucket\":\"poruthurstores-1bb74.firebasestorage.app\"}","GCLOUD_PROJECT":"poruthurstores-1bb74","EVENTARC_CLOUD_EVENT_SOURCE":"projects/poruthurstores-1bb74/locations/us-central1/services/createOrder","FUNCTION_REGION":"us-central1","FUNCTION_TARGET":"createOrder","LOG_EXECUTION_ID":"true"},"ingressSettings":"ALLOW_ALL","serviceAccountEmail":"784163241119-compute@developer.gserviceaccount.com","availableMemory":"256Mi","maxInstanceRequestConcurrency":80,"availableCpu":"1"},"state":"UNKNOWN","labels":{"deployment-callable":"true","firebase-functions-hash":"42b478bc6a4d47cad11577267a996852cc234973"},"stateMessages":[{"severity":"ERROR","type":"CloudRunServiceNotFound","message":"Cloud Run service projects/poruthurstores-1bb74/locations/us-central1/services/createorder for the function was not found. The function will not work correctly. Please redeploy."}],"environment":"GEN_2","url":"https://us-central1-poruthurstores-1bb74.cloudfunctions.net/createOrder","satisfiesPzi":true},"stages":[{"name":"BUILD","message":"Build in progress","state":"IN_PROGRESS","resource":"projects/784163241119/locations/us-central1/builds/482b8ecd-43eb-4aad-a6f2-3e80d4bd658e","resourceUri":"https://console.cloud.google.com/cloud-build/builds;region=us-central1/482b8ecd-43eb-4aad-a6f2-3e80d4bd658e?project=784163241119"},{"name":"SERVICE","state":"NOT_STARTED"}],"operationType":"UPDATE_FUNCTION","buildName":"projects/784163241119/locations/us-central1/builds/482b8ecd-43eb-4aad-a6f2-3e80d4bd658e"},"done":false}
[debug] [2026-08-01T19:27:48.097Z] [update-default-us-central1-createOrder] Retrying task index 0
[debug] [2026-08-01T19:27:48.098Z] Checked if tokens are valid: true, expires at: 1785615656641
[debug] [2026-08-01T19:27:48.098Z] Checked if tokens are valid: true, expires at: 1785615656641
[debug] [2026-08-01T19:27:48.099Z] >>> [apiv2][query] GET https://cloudfunctions.googleapis.com/v2/projects/poruthurstores-1bb74/locations/us-central1/operations/operation-1785612454875-658014c14503c-5c15f908-4d90ea01 [none]
[debug] [2026-08-01T19:27:49.876Z] <<< [apiv2][status] GET https://cloudfunctions.googleapis.com/v2/projects/poruthurstores-1bb74/locations/us-central1/operations/operation-1785612454875-658014c14503c-5c15f908-4d90ea01 200
[debug] [2026-08-01T19:27:49.876Z] <<< [apiv2][body] GET https://cloudfunctions.googleapis.com/v2/projects/poruthurstores-1bb74/locations/us-central1/operations/operation-1785612454875-658014c14503c-5c15f908-4d90ea01 {"name":"projects/poruthurstores-1bb74/locations/us-central1/operations/operation-1785612454875-658014c14503c-5c15f908-4d90ea01","metadata":{"@type":"type.googleapis.com/google.cloud.functions.v2.OperationMetadata","createTime":"2026-08-01T19:27:35.617376226Z","target":"projects/poruthurstores-1bb74/locations/us-central1/functions/createOrder","verb":"update","cancelRequested":false,"apiVersion":"v2","requestResource":{"@type":"type.googleapis.com/google.cloud.functions.v2.Function","name":"projects/poruthurstores-1bb74/locations/us-central1/functions/createOrder","buildConfig":{"runtime":"nodejs22","entryPoint":"createOrder","source":{"storageSource":{"bucket":"gcf-v2-sources-784163241119-us-central1","object":"createOrder/function-source.zip","generation":"1785612455566472"}},"environmentVariables":{"GOOGLE_NODE_RUN_SCRIPTS":""},"dockerRepository":"projects/poruthurstores-1bb74/locations/us-central1/repositories/gcf-artifacts","sourceProvenance":{"resolvedStorageSource":{"bucket":"gcf-v2-sources-784163241119-us-central1","object":"createOrder/function-source.zip","generation":"1785612114345135"}},"dockerRegistry":"ARTIFACT_REGISTRY","serviceAccount":"projects/poruthurstores-1bb74/serviceAccounts/784163241119-compute@developer.gserviceaccount.com","automaticUpdatePolicy":{}},"serviceConfig":{"service":"projects/poruthurstores-1bb74/locations/us-central1/services/createorder","timeoutSeconds":60,"environmentVariables":{"FIREBASE_CONFIG":"{\"projectId\":\"poruthurstores-1bb74\",\"storageBucket\":\"poruthurstores-1bb74.firebasestorage.app\"}","GCLOUD_PROJECT":"poruthurstores-1bb74","EVENTARC_CLOUD_EVENT_SOURCE":"projects/poruthurstores-1bb74/locations/us-central1/services/createOrder","FUNCTION_REGION":"us-central1","FUNCTION_TARGET":"createOrder","LOG_EXECUTION_ID":"true"},"ingressSettings":"ALLOW_ALL","serviceAccountEmail":"784163241119-compute@developer.gserviceaccount.com","availableMemory":"256Mi","maxInstanceRequestConcurrency":80,"availableCpu":"1"},"state":"UNKNOWN","labels":{"deployment-callable":"true","firebase-functions-hash":"42b478bc6a4d47cad11577267a996852cc234973"},"stateMessages":[{"severity":"ERROR","type":"CloudRunServiceNotFound","message":"Cloud Run service projects/poruthurstores-1bb74/locations/us-central1/services/createorder for the function was not found. The function will not work correctly. Please redeploy."}],"environment":"GEN_2","url":"https://us-central1-poruthurstores-1bb74.cloudfunctions.net/createOrder","satisfiesPzi":true},"stages":[{"name":"BUILD","message":"Build in progress","state":"IN_PROGRESS","resource":"projects/784163241119/locations/us-central1/builds/482b8ecd-43eb-4aad-a6f2-3e80d4bd658e","resourceUri":"https://console.cloud.google.com/cloud-build/builds;region=us-central1/482b8ecd-43eb-4aad-a6f2-3e80d4bd658e?project=784163241119"},{"name":"SERVICE","state":"NOT_STARTED"}],"operationType":"UPDATE_FUNCTION","buildName":"projects/784163241119/locations/us-central1/builds/482b8ecd-43eb-4aad-a6f2-3e80d4bd658e"},"done":false}
[debug] [2026-08-01T19:27:57.879Z] [update-default-us-central1-createOrder] Retrying task index 0
[debug] [2026-08-01T19:27:57.879Z] Checked if tokens are valid: true, expires at: 1785615656641
[debug] [2026-08-01T19:27:57.880Z] Checked if tokens are valid: true, expires at: 1785615656641
[debug] [2026-08-01T19:27:57.880Z] >>> [apiv2][query] GET https://cloudfunctions.googleapis.com/v2/projects/poruthurstores-1bb74/locations/us-central1/operations/operation-1785612454875-658014c14503c-5c15f908-4d90ea01 [none]
[debug] [2026-08-01T19:27:59.750Z] <<< [apiv2][status] GET https://cloudfunctions.googleapis.com/v2/projects/poruthurstores-1bb74/locations/us-central1/operations/operation-1785612454875-658014c14503c-5c15f908-4d90ea01 200
[debug] [2026-08-01T19:27:59.750Z] <<< [apiv2][body] GET https://cloudfunctions.googleapis.com/v2/projects/poruthurstores-1bb74/locations/us-central1/operations/operation-1785612454875-658014c14503c-5c15f908-4d90ea01 {"name":"projects/poruthurstores-1bb74/locations/us-central1/operations/operation-1785612454875-658014c14503c-5c15f908-4d90ea01","metadata":{"@type":"type.googleapis.com/google.cloud.functions.v2.OperationMetadata","createTime":"2026-08-01T19:27:35.617376226Z","target":"projects/poruthurstores-1bb74/locations/us-central1/functions/createOrder","verb":"update","cancelRequested":false,"apiVersion":"v2","requestResource":{"@type":"type.googleapis.com/google.cloud.functions.v2.Function","name":"projects/poruthurstores-1bb74/locations/us-central1/functions/createOrder","buildConfig":{"runtime":"nodejs22","entryPoint":"createOrder","source":{"storageSource":{"bucket":"gcf-v2-sources-784163241119-us-central1","object":"createOrder/function-source.zip","generation":"1785612455566472"}},"environmentVariables":{"GOOGLE_NODE_RUN_SCRIPTS":""},"dockerRepository":"projects/poruthurstores-1bb74/locations/us-central1/repositories/gcf-artifacts","sourceProvenance":{"resolvedStorageSource":{"bucket":"gcf-v2-sources-784163241119-us-central1","object":"createOrder/function-source.zip","generation":"1785612114345135"}},"dockerRegistry":"ARTIFACT_REGISTRY","serviceAccount":"projects/poruthurstores-1bb74/serviceAccounts/784163241119-compute@developer.gserviceaccount.com","automaticUpdatePolicy":{}},"serviceConfig":{"service":"projects/poruthurstores-1bb74/locations/us-central1/services/createorder","timeoutSeconds":60,"environmentVariables":{"FIREBASE_CONFIG":"{\"projectId\":\"poruthurstores-1bb74\",\"storageBucket\":\"poruthurstores-1bb74.firebasestorage.app\"}","GCLOUD_PROJECT":"poruthurstores-1bb74","EVENTARC_CLOUD_EVENT_SOURCE":"projects/poruthurstores-1bb74/locations/us-central1/services/createOrder","FUNCTION_REGION":"us-central1","FUNCTION_TARGET":"createOrder","LOG_EXECUTION_ID":"true"},"ingressSettings":"ALLOW_ALL","serviceAccountEmail":"784163241119-compute@developer.gserviceaccount.com","availableMemory":"256Mi","maxInstanceRequestConcurrency":80,"availableCpu":"1"},"state":"UNKNOWN","labels":{"deployment-callable":"true","firebase-functions-hash":"42b478bc6a4d47cad11577267a996852cc234973"},"stateMessages":[{"severity":"ERROR","type":"CloudRunServiceNotFound","message":"Cloud Run service projects/poruthurstores-1bb74/locations/us-central1/services/createorder for the function was not found. The function will not work correctly. Please redeploy."}],"environment":"GEN_2","url":"https://us-central1-poruthurstores-1bb74.cloudfunctions.net/createOrder","satisfiesPzi":true},"stages":[{"name":"BUILD","message":"Build in progress","state":"IN_PROGRESS","resource":"projects/784163241119/locations/us-central1/builds/482b8ecd-43eb-4aad-a6f2-3e80d4bd658e","resourceUri":"https://console.cloud.google.com/cloud-build/builds;region=us-central1/482b8ecd-43eb-4aad-a6f2-3e80d4bd658e?project=784163241119"},{"name":"SERVICE","state":"NOT_STARTED"}],"operationType":"UPDATE_FUNCTION","buildName":"projects/784163241119/locations/us-central1/builds/482b8ecd-43eb-4aad-a6f2-3e80d4bd658e"},"done":false}
[debug] [2026-08-01T19:28:09.752Z] [update-default-us-central1-createOrder] Retrying task index 0
[debug] [2026-08-01T19:28:09.753Z] Checked if tokens are valid: true, expires at: 1785615656641
[debug] [2026-08-01T19:28:09.753Z] Checked if tokens are valid: true, expires at: 1785615656641
[debug] [2026-08-01T19:28:09.754Z] >>> [apiv2][query] GET https://cloudfunctions.googleapis.com/v2/projects/poruthurstores-1bb74/locations/us-central1/operations/operation-1785612454875-658014c14503c-5c15f908-4d90ea01 [none]
[debug] [2026-08-01T19:28:11.613Z] <<< [apiv2][status] GET https://cloudfunctions.googleapis.com/v2/projects/poruthurstores-1bb74/locations/us-central1/operations/operation-1785612454875-658014c14503c-5c15f908-4d90ea01 200
[debug] [2026-08-01T19:28:11.613Z] <<< [apiv2][body] GET https://cloudfunctions.googleapis.com/v2/projects/poruthurstores-1bb74/locations/us-central1/operations/operation-1785612454875-658014c14503c-5c15f908-4d90ea01 {"name":"projects/poruthurstores-1bb74/locations/us-central1/operations/operation-1785612454875-658014c14503c-5c15f908-4d90ea01","metadata":{"@type":"type.googleapis.com/google.cloud.functions.v2.OperationMetadata","createTime":"2026-08-01T19:27:35.617376226Z","target":"projects/poruthurstores-1bb74/locations/us-central1/functions/createOrder","verb":"update","cancelRequested":false,"apiVersion":"v2","requestResource":{"@type":"type.googleapis.com/google.cloud.functions.v2.Function","name":"projects/poruthurstores-1bb74/locations/us-central1/functions/createOrder","buildConfig":{"runtime":"nodejs22","entryPoint":"createOrder","source":{"storageSource":{"bucket":"gcf-v2-sources-784163241119-us-central1","object":"createOrder/function-source.zip","generation":"1785612455566472"}},"environmentVariables":{"GOOGLE_NODE_RUN_SCRIPTS":""},"dockerRepository":"projects/poruthurstores-1bb74/locations/us-central1/repositories/gcf-artifacts","sourceProvenance":{"resolvedStorageSource":{"bucket":"gcf-v2-sources-784163241119-us-central1","object":"createOrder/function-source.zip","generation":"1785612114345135"}},"dockerRegistry":"ARTIFACT_REGISTRY","serviceAccount":"projects/poruthurstores-1bb74/serviceAccounts/784163241119-compute@developer.gserviceaccount.com","automaticUpdatePolicy":{}},"serviceConfig":{"service":"projects/poruthurstores-1bb74/locations/us-central1/services/createorder","timeoutSeconds":60,"environmentVariables":{"FIREBASE_CONFIG":"{\"projectId\":\"poruthurstores-1bb74\",\"storageBucket\":\"poruthurstores-1bb74.firebasestorage.app\"}","GCLOUD_PROJECT":"poruthurstores-1bb74","EVENTARC_CLOUD_EVENT_SOURCE":"projects/poruthurstores-1bb74/locations/us-central1/services/createOrder","FUNCTION_REGION":"us-central1","FUNCTION_TARGET":"createOrder","LOG_EXECUTION_ID":"true"},"ingressSettings":"ALLOW_ALL","serviceAccountEmail":"784163241119-compute@developer.gserviceaccount.com","availableMemory":"256Mi","maxInstanceRequestConcurrency":80,"availableCpu":"1"},"state":"UNKNOWN","labels":{"deployment-callable":"true","firebase-functions-hash":"42b478bc6a4d47cad11577267a996852cc234973"},"stateMessages":[{"severity":"ERROR","type":"CloudRunServiceNotFound","message":"Cloud Run service projects/poruthurstores-1bb74/locations/us-central1/services/createorder for the function was not found. The function will not work correctly. Please redeploy."}],"environment":"GEN_2","url":"https://us-central1-poruthurstores-1bb74.cloudfunctions.net/createOrder","satisfiesPzi":true},"stages":[{"name":"BUILD","message":"Build in progress","state":"IN_PROGRESS","resource":"projects/784163241119/locations/us-central1/builds/482b8ecd-43eb-4aad-a6f2-3e80d4bd658e","resourceUri":"https://console.cloud.google.com/cloud-build/builds;region=us-central1/482b8ecd-43eb-4aad-a6f2-3e80d4bd658e?project=784163241119"},{"name":"SERVICE","state":"NOT_STARTED"}],"operationType":"UPDATE_FUNCTION","buildName":"projects/784163241119/locations/us-central1/builds/482b8ecd-43eb-4aad-a6f2-3e80d4bd658e"},"done":false}
[debug] [2026-08-01T19:28:21.622Z] [update-default-us-central1-createOrder] Retrying task index 0
[debug] [2026-08-01T19:28:21.623Z] Checked if tokens are valid: true, expires at: 1785615656641
[debug] [2026-08-01T19:28:21.623Z] Checked if tokens are valid: true, expires at: 1785615656641
[debug] [2026-08-01T19:28:21.623Z] >>> [apiv2][query] GET https://cloudfunctions.googleapis.com/v2/projects/poruthurstores-1bb74/locations/us-central1/operations/operation-1785612454875-658014c14503c-5c15f908-4d90ea01 [none]
[debug] [2026-08-01T19:28:23.728Z] <<< [apiv2][status] GET https://cloudfunctions.googleapis.com/v2/projects/poruthurstores-1bb74/locations/us-central1/operations/operation-1785612454875-658014c14503c-5c15f908-4d90ea01 200
[debug] [2026-08-01T19:28:23.728Z] <<< [apiv2][body] GET https://cloudfunctions.googleapis.com/v2/projects/poruthurstores-1bb74/locations/us-central1/operations/operation-1785612454875-658014c14503c-5c15f908-4d90ea01 {"name":"projects/poruthurstores-1bb74/locations/us-central1/operations/operation-1785612454875-658014c14503c-5c15f908-4d90ea01","metadata":{"@type":"type.googleapis.com/google.cloud.functions.v2.OperationMetadata","createTime":"2026-08-01T19:27:35.617376226Z","endTime":"2026-08-01T19:28:21.735330640Z","target":"projects/poruthurstores-1bb74/locations/us-central1/functions/createOrder","verb":"update","cancelRequested":false,"apiVersion":"v2","requestResource":{"@type":"type.googleapis.com/google.cloud.functions.v2.Function","name":"projects/poruthurstores-1bb74/locations/us-central1/functions/createOrder","buildConfig":{"runtime":"nodejs22","entryPoint":"createOrder","source":{"storageSource":{"bucket":"gcf-v2-sources-784163241119-us-central1","object":"createOrder/function-source.zip","generation":"1785612455566472"}},"environmentVariables":{"GOOGLE_NODE_RUN_SCRIPTS":""},"dockerRepository":"projects/poruthurstores-1bb74/locations/us-central1/repositories/gcf-artifacts","sourceProvenance":{"resolvedStorageSource":{"bucket":"gcf-v2-sources-784163241119-us-central1","object":"createOrder/function-source.zip","generation":"1785612114345135"}},"dockerRegistry":"ARTIFACT_REGISTRY","serviceAccount":"projects/poruthurstores-1bb74/serviceAccounts/784163241119-compute@developer.gserviceaccount.com","automaticUpdatePolicy":{}},"serviceConfig":{"service":"projects/poruthurstores-1bb74/locations/us-central1/services/createorder","timeoutSeconds":60,"environmentVariables":{"FIREBASE_CONFIG":"{\"projectId\":\"poruthurstores-1bb74\",\"storageBucket\":\"poruthurstores-1bb74.firebasestorage.app\"}","GCLOUD_PROJECT":"poruthurstores-1bb74","EVENTARC_CLOUD_EVENT_SOURCE":"projects/poruthurstores-1bb74/locations/us-central1/services/createOrder","FUNCTION_REGION":"us-central1","FUNCTION_TARGET":"createOrder","LOG_EXECUTION_ID":"true"},"ingressSettings":"ALLOW_ALL","serviceAccountEmail":"784163241119-compute@developer.gserviceaccount.com","availableMemory":"256Mi","maxInstanceRequestConcurrency":80,"availableCpu":"1"},"state":"UNKNOWN","labels":{"deployment-callable":"true","firebase-functions-hash":"42b478bc6a4d47cad11577267a996852cc234973"},"stateMessages":[{"severity":"ERROR","type":"CloudRunServiceNotFound","message":"Cloud Run service projects/poruthurstores-1bb74/locations/us-central1/services/createorder for the function was not found. The function will not work correctly. Please redeploy."}],"environment":"GEN_2","url":"https://us-central1-poruthurstores-1bb74.cloudfunctions.net/createOrder","satisfiesPzi":true},"stages":[{"name":"SERVICE","state":"NOT_STARTED"}],"operationType":"UPDATE_FUNCTION"},"done":true,"error":{"code":3,"message":"Build failed with status: FAILURE and message: npm error code EUSAGE\nnpm error\nnpm error `npm ci` can only install packages when your package.json and package-lock.json or npm-shrinkwrap.json are in sync. Please update your lock file with `npm install` before continuing.\nnpm error\nnpm error Missing: @emnapi/core@2.0.0-alpha.3 from lock file\nnpm error Missing: @emnapi/runtime@2.0.0-alpha.3 from lock file\nnpm error\nnpm error Clean install a project\nnpm error\nnpm error Usage:\nnpm error npm ci\nnpm error\nnpm error Options:\nnpm error [--install-strategy <hoisted|nested|shallow|linked>] [--legacy-bundling]\nnpm error [--global-style] [--omit <dev|optional|peer> [--omit <dev|optional|peer> ...]]\nnpm error [--include <prod|dev|optional|peer> [--include <prod|dev|optional|peer> ...]]\nnpm error [--strict-peer-deps] [--foreground-scripts] [--ignore-scripts] [--no-audit]\nnpm error [--no-bin-links] [--no-fund] [--dry-run]\nnpm error [-w|--workspace <workspace-name> [-w|--workspace <workspace-name> ...]]\nnpm error [-ws|--workspaces] [--include-workspace-root] [--install-links]\nnpm error\nnpm error aliases: clean-install, ic, install-clean, isntall-clean\nnpm error\nnpm error Run \"npm help ci\" for more info\nnpm error A complete log of this run can be found in: /www-data-home/.npm/_logs/2026-08-01T19_27_53_750Z-debug-0.log. For more details see the logs at https://console.cloud.google.com/cloud-build/builds;region=us-central1/482b8ecd-43eb-4aad-a6f2-3e80d4bd658e?project=784163241119."}}
[debug] [2026-08-01T19:28:23.729Z] Got source token undefined for region us-central1
[debug] [2026-08-01T19:28:23.729Z] Checked if tokens are valid: true, expires at: 1785615656641
[debug] [2026-08-01T19:28:23.729Z] Checked if tokens are valid: true, expires at: 1785615656641
[debug] [2026-08-01T19:28:23.729Z] >>> [apiv2][query] PATCH https://cloudfunctions.googleapis.com/v2/projects/poruthurstores-1bb74/locations/us-central1/functions/cancelOrder updateMask=name%2CbuildConfig.runtime%2CbuildConfig.entryPoint%2CbuildConfig.source.storageSource.bucket%2CbuildConfig.source.storageSource.object%2CbuildConfig.environmentVariables%2CbuildConfig.sourceToken%2CserviceConfig.environmentVariables%2CserviceConfig.ingressSettings%2CserviceConfig.timeoutSeconds%2CserviceConfig.serviceAccountEmail%2CserviceConfig.availableMemory%2CserviceConfig.minInstanceCount%2CserviceConfig.maxInstanceCount%2CserviceConfig.maxInstanceRequestConcurrency%2CserviceConfig.availableCpu%2CserviceConfig.vpcConnector%2CserviceConfig.vpcConnectorEgressSettings%2CserviceConfig.directVpcNetworkInterface%2CserviceConfig.directVpcEgress%2Clabels
[debug] [2026-08-01T19:28:23.730Z] >>> [apiv2][body] PATCH https://cloudfunctions.googleapis.com/v2/projects/poruthurstores-1bb74/locations/us-central1/functions/cancelOrder {"name":"projects/poruthurstores-1bb74/locations/us-central1/functions/cancelOrder","buildConfig":{"runtime":"nodejs22","entryPoint":"cancelOrder","source":{"storageSource":{"bucket":"gcf-v2-uploads-784163241119.us-central1.cloudfunctions.appspot.com","object":"b95bec89-b68f-4aa8-aeab-5a3273cc78d2.zip"}},"environmentVariables":{"GOOGLE_NODE_RUN_SCRIPTS":""}},"serviceConfig":{"environmentVariables":{"FIREBASE_CONFIG":"{\"projectId\":\"poruthurstores-1bb74\",\"storageBucket\":\"poruthurstores-1bb74.firebasestorage.app\"}","GCLOUD_PROJECT":"poruthurstores-1bb74","EVENTARC_CLOUD_EVENT_SOURCE":"projects/poruthurstores-1bb74/locations/us-central1/services/cancelOrder","FUNCTION_REGION":"us-central1","FUNCTION_TARGET":"cancelOrder","LOG_EXECUTION_ID":"true"},"ingressSettings":null,"timeoutSeconds":null,"serviceAccountEmail":null,"availableMemory":"256Mi","minInstanceCount":null,"maxInstanceCount":null,"maxInstanceRequestConcurrency":80,"availableCpu":"1","vpcConnector":null,"vpcConnectorEgressSettings":null,"directVpcNetworkInterface":null,"directVpcEgress":null},"labels":{"deployment-tool":"cli-firebase","deployment-callable":"true","firebase-functions-hash":"42b478bc6a4d47cad11577267a996852cc234973"}}
[error] Build failed with status: FAILURE and message: npm error code EUSAGE
npm error
npm error `npm ci` can only install packages when your package.json and package-lock.json or npm-shrinkwrap.json are in sync. Please update your lock file with `npm install` before continuing.
npm error
npm error Missing: @emnapi/core@2.0.0-alpha.3 from lock file
npm error Missing: @emnapi/runtime@2.0.0-alpha.3 from lock file
npm error
npm error Clean install a project
npm error
npm error Usage:
npm error npm ci
npm error
npm error Options:
npm error [--install-strategy <hoisted|nested|shallow|linked>] [--legacy-bundling]
npm error [--global-style] [--omit <dev|optional|peer> [--omit <dev|optional|peer> ...]]
npm error [--include <prod|dev|optional|peer> [--include <prod|dev|optional|peer> ...]]
npm error [--strict-peer-deps] [--foreground-scripts] [--ignore-scripts] [--no-audit]
npm error [--no-bin-links] [--no-fund] [--dry-run]
npm error [-w|--workspace <workspace-name> [-w|--workspace <workspace-name> ...]]
npm error [-ws|--workspaces] [--include-workspace-root] [--install-links]
npm error
npm error aliases: clean-install, ic, install-clean, isntall-clean
npm error
npm error Run "npm help ci" for more info
npm error A complete log of this run can be found in: /www-data-home/.npm/_logs/2026-08-01T19_27_53_750Z-debug-0.log. For more details see the logs at https://console.cloud.google.com/cloud-build/builds;region=us-central1/482b8ecd-43eb-4aad-a6f2-3e80d4bd658e?project=784163241119.
[debug] [2026-08-01T19:28:25.790Z] <<< [apiv2][status] PATCH https://cloudfunctions.googleapis.com/v2/projects/poruthurstores-1bb74/locations/us-central1/functions/cancelOrder 200
[debug] [2026-08-01T19:28:25.790Z] <<< [apiv2][body] PATCH https://cloudfunctions.googleapis.com/v2/projects/poruthurstores-1bb74/locations/us-central1/functions/cancelOrder {"name":"projects/poruthurstores-1bb74/locations/us-central1/operations/operation-1785612506173-658014f230f71-9e909a02-ab448af1","metadata":{"@type":"type.googleapis.com/google.cloud.functions.v2.OperationMetadata","createTime":"2026-08-01T19:28:26.860639655Z","target":"projects/poruthurstores-1bb74/locations/us-central1/functions/cancelOrder","verb":"update","cancelRequested":false,"apiVersion":"v2"},"done":false}
[debug] [2026-08-01T19:28:25.791Z] Checked if tokens are valid: true, expires at: 1785615656641
[debug] [2026-08-01T19:28:25.791Z] Checked if tokens are valid: true, expires at: 1785615656641
[debug] [2026-08-01T19:28:25.791Z] >>> [apiv2][query] GET https://cloudfunctions.googleapis.com/v2/projects/poruthurstores-1bb74/locations/us-central1/operations/operation-1785612506173-658014f230f71-9e909a02-ab448af1 [none]
[debug] [2026-08-01T19:28:27.330Z] <<< [apiv2][status] GET https://cloudfunctions.googleapis.com/v2/projects/poruthurstores-1bb74/locations/us-central1/operations/operation-1785612506173-658014f230f71-9e909a02-ab448af1 200
[debug] [2026-08-01T19:28:27.330Z] <<< [apiv2][body] GET https://cloudfunctions.googleapis.com/v2/projects/poruthurstores-1bb74/locations/us-central1/operations/operation-1785612506173-658014f230f71-9e909a02-ab448af1 {"name":"projects/poruthurstores-1bb74/locations/us-central1/operations/operation-1785612506173-658014f230f71-9e909a02-ab448af1","metadata":{"@type":"type.googleapis.com/google.cloud.functions.v2.OperationMetadata","createTime":"2026-08-01T19:28:26.860639655Z","target":"projects/poruthurstores-1bb74/locations/us-central1/functions/cancelOrder","verb":"update","cancelRequested":false,"apiVersion":"v2","requestResource":{"@type":"type.googleapis.com/google.cloud.functions.v2.Function","name":"projects/poruthurstores-1bb74/locations/us-central1/functions/cancelOrder","buildConfig":{"runtime":"nodejs22","entryPoint":"cancelOrder","source":{"storageSource":{"bucket":"gcf-v2-sources-784163241119-us-central1","object":"cancelOrder/function-source.zip","generation":"1785612506817545"}},"environmentVariables":{"GOOGLE_NODE_RUN_SCRIPTS":""},"dockerRepository":"projects/poruthurstores-1bb74/locations/us-central1/repositories/gcf-artifacts","sourceProvenance":{"resolvedStorageSource":{"bucket":"gcf-v2-sources-784163241119-us-central1","object":"cancelOrder/function-source.zip","generation":"1785612174966063"}},"dockerRegistry":"ARTIFACT_REGISTRY","serviceAccount":"projects/poruthurstores-1bb74/serviceAccounts/784163241119-compute@developer.gserviceaccount.com","automaticUpdatePolicy":{}},"serviceConfig":{"service":"projects/poruthurstores-1bb74/locations/us-central1/services/cancelorder","timeoutSeconds":60,"environmentVariables":{"FIREBASE_CONFIG":"{\"projectId\":\"poruthurstores-1bb74\",\"storageBucket\":\"poruthurstores-1bb74.firebasestorage.app\"}","GCLOUD_PROJECT":"poruthurstores-1bb74","EVENTARC_CLOUD_EVENT_SOURCE":"projects/poruthurstores-1bb74/locations/us-central1/services/cancelOrder","FUNCTION_REGION":"us-central1","FUNCTION_TARGET":"cancelOrder","LOG_EXECUTION_ID":"true"},"ingressSettings":"ALLOW_ALL","serviceAccountEmail":"784163241119-compute@developer.gserviceaccount.com","availableMemory":"256Mi","maxInstanceRequestConcurrency":80,"availableCpu":"1"},"state":"UNKNOWN","labels":{"deployment-callable":"true","firebase-functions-hash":"42b478bc6a4d47cad11577267a996852cc234973"},"stateMessages":[{"severity":"ERROR","type":"CloudRunServiceNotFound","message":"Cloud Run service projects/poruthurstores-1bb74/locations/us-central1/services/cancelorder for the function was not found. The function will not work correctly. Please redeploy."}],"environment":"GEN_2","url":"https://us-central1-poruthurstores-1bb74.cloudfunctions.net/cancelOrder","satisfiesPzi":true},"stages":[{"name":"BUILD","message":"Build in progress","state":"IN_PROGRESS","resource":"projects/784163241119/locations/us-central1/builds/bdd2779e-f011-4a3c-a6d4-c5a163b252ef","resourceUri":"https://console.cloud.google.com/cloud-build/builds;region=us-central1/bdd2779e-f011-4a3c-a6d4-c5a163b252ef?project=784163241119"},{"name":"SERVICE","state":"NOT_STARTED"}],"operationType":"UPDATE_FUNCTION","buildName":"projects/784163241119/locations/us-central1/builds/bdd2779e-f011-4a3c-a6d4-c5a163b252ef"},"done":false}
[debug] [2026-08-01T19:28:27.832Z] [update-default-us-central1-cancelOrder] Retrying task index 0
[debug] [2026-08-01T19:28:27.832Z] Checked if tokens are valid: true, expires at: 1785615656641
[debug] [2026-08-01T19:28:27.832Z] Checked if tokens are valid: true, expires at: 1785615656641
[debug] [2026-08-01T19:28:27.833Z] >>> [apiv2][query] GET https://cloudfunctions.googleapis.com/v2/projects/poruthurstores-1bb74/locations/us-central1/operations/operation-1785612506173-658014f230f71-9e909a02-ab448af1 [none]
[debug] [2026-08-01T19:28:29.535Z] <<< [apiv2][status] GET https://cloudfunctions.googleapis.com/v2/projects/poruthurstores-1bb74/locations/us-central1/operations/operation-1785612506173-658014f230f71-9e909a02-ab448af1 200
[debug] [2026-08-01T19:28:29.535Z] <<< [apiv2][body] GET https://cloudfunctions.googleapis.com/v2/projects/poruthurstores-1bb74/locations/us-central1/operations/operation-1785612506173-658014f230f71-9e909a02-ab448af1 {"name":"projects/poruthurstores-1bb74/locations/us-central1/operations/operation-1785612506173-658014f230f71-9e909a02-ab448af1","metadata":{"@type":"type.googleapis.com/google.cloud.functions.v2.OperationMetadata","createTime":"2026-08-01T19:28:26.860639655Z","target":"projects/poruthurstores-1bb74/locations/us-central1/functions/cancelOrder","verb":"update","cancelRequested":false,"apiVersion":"v2","requestResource":{"@type":"type.googleapis.com/google.cloud.functions.v2.Function","name":"projects/poruthurstores-1bb74/locations/us-central1/functions/cancelOrder","buildConfig":{"runtime":"nodejs22","entryPoint":"cancelOrder","source":{"storageSource":{"bucket":"gcf-v2-sources-784163241119-us-central1","object":"cancelOrder/function-source.zip","generation":"1785612506817545"}},"environmentVariables":{"GOOGLE_NODE_RUN_SCRIPTS":""},"dockerRepository":"projects/poruthurstores-1bb74/locations/us-central1/repositories/gcf-artifacts","sourceProvenance":{"resolvedStorageSource":{"bucket":"gcf-v2-sources-784163241119-us-central1","object":"cancelOrder/function-source.zip","generation":"1785612174966063"}},"dockerRegistry":"ARTIFACT_REGISTRY","serviceAccount":"projects/poruthurstores-1bb74/serviceAccounts/784163241119-compute@developer.gserviceaccount.com","automaticUpdatePolicy":{}},"serviceConfig":{"service":"projects/poruthurstores-1bb74/locations/us-central1/services/cancelorder","timeoutSeconds":60,"environmentVariables":{"FIREBASE_CONFIG":"{\"projectId\":\"poruthurstores-1bb74\",\"storageBucket\":\"poruthurstores-1bb74.firebasestorage.app\"}","GCLOUD_PROJECT":"poruthurstores-1bb74","EVENTARC_CLOUD_EVENT_SOURCE":"projects/poruthurstores-1bb74/locations/us-central1/services/cancelOrder","FUNCTION_REGION":"us-central1","FUNCTION_TARGET":"cancelOrder","LOG_EXECUTION_ID":"true"},"ingressSettings":"ALLOW_ALL","serviceAccountEmail":"784163241119-compute@developer.gserviceaccount.com","availableMemory":"256Mi","maxInstanceRequestConcurrency":80,"availableCpu":"1"},"state":"UNKNOWN","labels":{"deployment-callable":"true","firebase-functions-hash":"42b478bc6a4d47cad11577267a996852cc234973"},"stateMessages":[{"severity":"ERROR","type":"CloudRunServiceNotFound","message":"Cloud Run service projects/poruthurstores-1bb74/locations/us-central1/services/cancelorder for the function was not found. The function will not work correctly. Please redeploy."}],"environment":"GEN_2","url":"https://us-central1-poruthurstores-1bb74.cloudfunctions.net/cancelOrder","satisfiesPzi":true},"stages":[{"name":"BUILD","message":"Build in progress","state":"IN_PROGRESS","resource":"projects/784163241119/locations/us-central1/builds/bdd2779e-f011-4a3c-a6d4-c5a163b252ef","resourceUri":"https://console.cloud.google.com/cloud-build/builds;region=us-central1/bdd2779e-f011-4a3c-a6d4-c5a163b252ef?project=784163241119"},{"name":"SERVICE","state":"NOT_STARTED"}],"operationType":"UPDATE_FUNCTION","buildName":"projects/784163241119/locations/us-central1/builds/bdd2779e-f011-4a3c-a6d4-c5a163b252ef"},"done":false}
[debug] [2026-08-01T19:28:30.544Z] [update-default-us-central1-cancelOrder] Retrying task index 0
[debug] [2026-08-01T19:28:30.545Z] Checked if tokens are valid: true, expires at: 1785615656641
[debug] [2026-08-01T19:28:30.545Z] Checked if tokens are valid: true, expires at: 1785615656641
[debug] [2026-08-01T19:28:30.545Z] >>> [apiv2][query] GET https://cloudfunctions.googleapis.com/v2/projects/poruthurstores-1bb74/locations/us-central1/operations/operation-1785612506173-658014f230f71-9e909a02-ab448af1 [none]
[debug] [2026-08-01T19:28:30.914Z] <<< [apiv2][status] GET https://cloudfunctions.googleapis.com/v2/projects/poruthurstores-1bb74/locations/us-central1/operations/operation-1785612506173-658014f230f71-9e909a02-ab448af1 200
[debug] [2026-08-01T19:28:30.914Z] <<< [apiv2][body] GET https://cloudfunctions.googleapis.com/v2/projects/poruthurstores-1bb74/locations/us-central1/operations/operation-1785612506173-658014f230f71-9e909a02-ab448af1 {"name":"projects/poruthurstores-1bb74/locations/us-central1/operations/operation-1785612506173-658014f230f71-9e909a02-ab448af1","metadata":{"@type":"type.googleapis.com/google.cloud.functions.v2.OperationMetadata","createTime":"2026-08-01T19:28:26.860639655Z","target":"projects/poruthurstores-1bb74/locations/us-central1/functions/cancelOrder","verb":"update","cancelRequested":false,"apiVersion":"v2","requestResource":{"@type":"type.googleapis.com/google.cloud.functions.v2.Function","name":"projects/poruthurstores-1bb74/locations/us-central1/functions/cancelOrder","buildConfig":{"runtime":"nodejs22","entryPoint":"cancelOrder","source":{"storageSource":{"bucket":"gcf-v2-sources-784163241119-us-central1","object":"cancelOrder/function-source.zip","generation":"1785612506817545"}},"environmentVariables":{"GOOGLE_NODE_RUN_SCRIPTS":""},"dockerRepository":"projects/poruthurstores-1bb74/locations/us-central1/repositories/gcf-artifacts","sourceProvenance":{"resolvedStorageSource":{"bucket":"gcf-v2-sources-784163241119-us-central1","object":"cancelOrder/function-source.zip","generation":"1785612174966063"}},"dockerRegistry":"ARTIFACT_REGISTRY","serviceAccount":"projects/poruthurstores-1bb74/serviceAccounts/784163241119-compute@developer.gserviceaccount.com","automaticUpdatePolicy":{}},"serviceConfig":{"service":"projects/poruthurstores-1bb74/locations/us-central1/services/cancelorder","timeoutSeconds":60,"environmentVariables":{"FIREBASE_CONFIG":"{\"projectId\":\"poruthurstores-1bb74\",\"storageBucket\":\"poruthurstores-1bb74.firebasestorage.app\"}","GCLOUD_PROJECT":"poruthurstores-1bb74","EVENTARC_CLOUD_EVENT_SOURCE":"projects/poruthurstores-1bb74/locations/us-central1/services/cancelOrder","FUNCTION_REGION":"us-central1","FUNCTION_TARGET":"cancelOrder","LOG_EXECUTION_ID":"true"},"ingressSettings":"ALLOW_ALL","serviceAccountEmail":"784163241119-compute@developer.gserviceaccount.com","availableMemory":"256Mi","maxInstanceRequestConcurrency":80,"availableCpu":"1"},"state":"UNKNOWN","labels":{"deployment-callable":"true","firebase-functions-hash":"42b478bc6a4d47cad11577267a996852cc234973"},"stateMessages":[{"severity":"ERROR","type":"CloudRunServiceNotFound","message":"Cloud Run service projects/poruthurstores-1bb74/locations/us-central1/services/cancelorder for the function was not found. The function will not work correctly. Please redeploy."}],"environment":"GEN_2","url":"https://us-central1-poruthurstores-1bb74.cloudfunctions.net/cancelOrder","satisfiesPzi":true},"stages":[{"name":"BUILD","message":"Build in progress","state":"IN_PROGRESS","resource":"projects/784163241119/locations/us-central1/builds/bdd2779e-f011-4a3c-a6d4-c5a163b252ef","resourceUri":"https://console.cloud.google.com/cloud-build/builds;region=us-central1/bdd2779e-f011-4a3c-a6d4-c5a163b252ef?project=784163241119"},{"name":"SERVICE","state":"NOT_STARTED"}],"operationType":"UPDATE_FUNCTION","buildName":"projects/784163241119/locations/us-central1/builds/bdd2779e-f011-4a3c-a6d4-c5a163b252ef"},"done":false}
[debug] [2026-08-01T19:28:32.926Z] [update-default-us-central1-cancelOrder] Retrying task index 0
[debug] [2026-08-01T19:28:32.926Z] Checked if tokens are valid: true, expires at: 1785615656641
[debug] [2026-08-01T19:28:32.926Z] Checked if tokens are valid: true, expires at: 1785615656641
[debug] [2026-08-01T19:28:32.926Z] >>> [apiv2][query] GET https://cloudfunctions.googleapis.com/v2/projects/poruthurstores-1bb74/locations/us-central1/operations/operation-1785612506173-658014f230f71-9e909a02-ab448af1 [none]
[debug] [2026-08-01T19:28:34.355Z] <<< [apiv2][status] GET https://cloudfunctions.googleapis.com/v2/projects/poruthurstores-1bb74/locations/us-central1/operations/operation-1785612506173-658014f230f71-9e909a02-ab448af1 200
[debug] [2026-08-01T19:28:34.355Z] <<< [apiv2][body] GET https://cloudfunctions.googleapis.com/v2/projects/poruthurstores-1bb74/locations/us-central1/operations/operation-1785612506173-658014f230f71-9e909a02-ab448af1 {"name":"projects/poruthurstores-1bb74/locations/us-central1/operations/operation-1785612506173-658014f230f71-9e909a02-ab448af1","metadata":{"@type":"type.googleapis.com/google.cloud.functions.v2.OperationMetadata","createTime":"2026-08-01T19:28:26.860639655Z","target":"projects/poruthurstores-1bb74/locations/us-central1/functions/cancelOrder","verb":"update","cancelRequested":false,"apiVersion":"v2","requestResource":{"@type":"type.googleapis.com/google.cloud.functions.v2.Function","name":"projects/poruthurstores-1bb74/locations/us-central1/functions/cancelOrder","buildConfig":{"runtime":"nodejs22","entryPoint":"cancelOrder","source":{"storageSource":{"bucket":"gcf-v2-sources-784163241119-us-central1","object":"cancelOrder/function-source.zip","generation":"1785612506817545"}},"environmentVariables":{"GOOGLE_NODE_RUN_SCRIPTS":""},"dockerRepository":"projects/poruthurstores-1bb74/locations/us-central1/repositories/gcf-artifacts","sourceProvenance":{"resolvedStorageSource":{"bucket":"gcf-v2-sources-784163241119-us-central1","object":"cancelOrder/function-source.zip","generation":"1785612174966063"}},"dockerRegistry":"ARTIFACT_REGISTRY","serviceAccount":"projects/poruthurstores-1bb74/serviceAccounts/784163241119-compute@developer.gserviceaccount.com","automaticUpdatePolicy":{}},"serviceConfig":{"service":"projects/poruthurstores-1bb74/locations/us-central1/services/cancelorder","timeoutSeconds":60,"environmentVariables":{"FIREBASE_CONFIG":"{\"projectId\":\"poruthurstores-1bb74\",\"storageBucket\":\"poruthurstores-1bb74.firebasestorage.app\"}","GCLOUD_PROJECT":"poruthurstores-1bb74","EVENTARC_CLOUD_EVENT_SOURCE":"projects/poruthurstores-1bb74/locations/us-central1/services/cancelOrder","FUNCTION_REGION":"us-central1","FUNCTION_TARGET":"cancelOrder","LOG_EXECUTION_ID":"true"},"ingressSettings":"ALLOW_ALL","serviceAccountEmail":"784163241119-compute@developer.gserviceaccount.com","availableMemory":"256Mi","maxInstanceRequestConcurrency":80,"availableCpu":"1"},"state":"UNKNOWN","labels":{"deployment-callable":"true","firebase-functions-hash":"42b478bc6a4d47cad11577267a996852cc234973"},"stateMessages":[{"severity":"ERROR","type":"CloudRunServiceNotFound","message":"Cloud Run service projects/poruthurstores-1bb74/locations/us-central1/services/cancelorder for the function was not found. The function will not work correctly. Please redeploy."}],"environment":"GEN_2","url":"https://us-central1-poruthurstores-1bb74.cloudfunctions.net/cancelOrder","satisfiesPzi":true},"stages":[{"name":"BUILD","message":"Build in progress","state":"IN_PROGRESS","resource":"projects/784163241119/locations/us-central1/builds/bdd2779e-f011-4a3c-a6d4-c5a163b252ef","resourceUri":"https://console.cloud.google.com/cloud-build/builds;region=us-central1/bdd2779e-f011-4a3c-a6d4-c5a163b252ef?project=784163241119"},{"name":"SERVICE","state":"NOT_STARTED"}],"operationType":"UPDATE_FUNCTION","buildName":"projects/784163241119/locations/us-central1/builds/bdd2779e-f011-4a3c-a6d4-c5a163b252ef"},"done":false}
